Tipo|Nome del sito|descrizione del sito|indirizzo|info|orario ingresso|note orario ingresso|biglietto|indirizzo mail|sito web|note visite guidate|accessibilità
Chiese e Oratori|Cappella dei Falegnami (1627)|cappella|Via Maqueda 172||da lunedì a venerdì dalle 10.00 alle 12.30||||||
Chiese e Oratori|Cappella Palatina (1143)|Cappella|Piazza Indipendenza||orari: da Lunedì a Sabato dalle 8.15 alle 17.40 ult.ingresso 17 - Domenica e festivi dalle 8.15 alle 13 ult.ingresso 12,15|durante la funzione religiosa dalle 09.45 alle 11.15 non sono ammessi visitatori.|costi: intero  7,00 - ridotto   5,00 per ragazzi dai 18 ai 25 anni facenti parte della Comunità Europea e corpo docente -    gratuito x scolaresche (previa prenotazione) sotto 18 ed over 65||www.federicosecondo.org|la Cappella Palatina + Palazzo Reale costi: biglietto cumulativo  8.50 (ridotto  6.50) |
Chiese e Oratori|Cattedrale  (1185)|chiesa|Corso Vittorio Emanuele|tel. 329 3977513 (informazioni) - 091 334373 (archivio) |orari: da Novembre a Febbraio da Lunedì a Sabato dalle 8 alle 17.30 - Domenica e festivi dalle 7 alle 13 e dalle 16 alle 19 |da Novembre a Febbraio da Lunedì a Sabato dalle 9.30 alle 13.30 da Marzo ad Ottobre da Lunedì a Sabato dalle 9.00 alle 17.30  |costo  intero  3,00 ||www.cattedrale.palermo.it |Area Monumentale + Museo Diocesano  da Lunedì a Sabato dalle 9.30 alle 13 e dalle 14 alle 16 costi: intero  5,00 ridotto  1,00 per under 18 ed  2,00 per over 65 anni|In loco noleggiabile impianto di radioguida, obbligatorio in caso di guida turistica a seguito al costo di  1,50 cad.
Chiese e Oratori|Chiesa dei SS. Quaranta Martiri Pisani alla Guilla (1608)|chiesa|Piazza dei SS. Quaranta Martiri|tel. 339 1588692 - 329 3977513|orari: la Domenica dalle 9 alle 13|La chiesa è chiusa da Lunedì a Sabato ed è altresì visitabile su prenotazione telefonica|||||
Chiese e Oratori|Chiesa del Monastero delle Cappuccinelle (1750)|chiesa|Via delle Cappuccinelle, 109|tel. 091 6114745 |il Martedì ed il Mercoledì dalle 9 alle 12, il Giovedì dalle 9.30 alle 12.30 e dalle 15 alle 18 - Domenica dalle 10.30 alle 12.30 e dalle 15 alle 18|Chiusa Lunedì, Venerdì, Sabato e festivi|||||
Chiese e Oratori|Chiesa del Ss. Salvatore (1528) |chiesa|Corso Vittorio Emanuele, 395|tel. 091 323392|orari: il Lunedì e da Mercoledì a Sabato dalle 9.30 alle 12.30 e dalle 15 alle 17 - Domenica (1° e 3° di ogni mese) dalle 9 alle 13|Chiuso Martedì |||||
Chiese e Oratori|Chiesa della Madonna dei Rimedi dei carmelitani Scalzi (1610)|chiesa|Piazza Indipendenza |tel. 091 422473 |tutti i giorni dalle 7 alle 12 e dalle 16.30 alle 19.30 (Lunedi solo 7 - 12)|Chiusa Lunedì mattina|||www.carmelitaniscalzidipalermo.com||
Chiese e Oratori|Chiesa della Madonna dell'Itria ai Cocchieri (1596)|chiesa|Piazzetta Chiesa Cocchieri, 1 (ang. Via Alloro)|tel. 091 6165848|orari: il Sabato dalle 15.30 alle 18.00 - Domenica dalle 10.30 alle 12.30|Chiusa al pubblico da Lunedì a Venerdì |||||
Chiese e Oratori|Chiesa della Magione (Ss. Trinità) (1191)|chiesa|Piazza Magione, 44|tel. 091 6170596 (Ass.ne Esperanza) - 328 8039833|da Lunedì a Sabato dalle 8.45 alle 11.45 e dalle 15 alle 18. Domenica e festivi dalle 8.45 alle 12.30|Visitabile anche: Chiostro, Cappella della Misericordia e la Sala S.Cecilia orari: da Lunedì a Sabato dalle 9.30 alle 18.30 - Domenica e festivi dalle 9.30 alle 12.30 |costi: contributo d'ingresso  "offerta libera"||www.basilicalamagione.diocesipa.it||
Chiese e Oratori|Chiesa della Martorana (S.Maria dell'Ammiraglio) (1143)|chiesa|Piazza Bellini, 3|tel. 091 6161692|Chiusa per restauro. Riapertura prevista gennaio 2013||||||
Chiese e Oratori|Chiesa dell'Immacolata Concezione al Capo (1610)|chiesa|Via Porta Carini al Capo|tel: 091 328430 |tutti i giorni dalle 9 alle 11.30 - (Sabato 9 - 11,30 e 15.30 - 18)||||www.santippolito.arcidiocesi.palermo.it||
Chiese e Oratori|Chiesa di Casa Professa  (Chiesa del Gesù) (1578)|Chiesa|Piazza Casa Professa, 21 |tel. 091 332213 - 334 1879038|da Lunedì a Sabato dalle 9.30 alle 13.30. Domenica dalle 6.30 alle 12.30 - Festivi dalle 17 alle 18.30||||www.casaprofessa.blogspot.com||
Chiese e Oratori|Chiesa di Maria SS della Mercede al Capo (1482)|chiesa|Via Cappuccinelle ang. Piazza Capo |Chiusa per restauro|Chiusa per restauro||||||
Chiese e Oratori|Chiesa di S. Agostino (1275)|chiesa|Via S. Agostino|tel. 091 584632|da Lunedi a Sabato dalle 7 alle 12 e dalle 16 alle 18 Domenica e festivi dalle 7 alle 12||||||
Chiese e Oratori|Chiesa di S. Antonio Abate Magno (1220)|chiesa|Via Roma 203/A|tel. 091 589940|Sabato dalle 17.30 alle 18.30 - Domenica e festivi 9 - 12||||www.santoantonioabate.diocesipa.it||
Chiese e Oratori|Chiesa di S. Cataldo (1154)|chiesa|Piazza Bellini, 3 (Cavalieri del Santo Sepolcro)|tel. 091 302667|da Lunedi a Sabato dalle 9.30 alle 12.30 e dalle 15.00 alle 18.00.||(contributo d'ingresso)  2,50||||
Chiese e Oratori|Chiesa di S. Caterina (1580)|chiesa|Piazza Bellini, 2|tel. 338 7228775 - 338 4512011|tutto l'anno da Lunedi a Sabato dalle 9.30 alle 13.30 da aprile ad ottobre anche dalle 15 alle 18.30. Domenica e festivi dalle 9.30 alle 13.30||costi: (contributo d'ingresso)  2,00||www.itinerars.it||
Chiese e Oratori|Chiesa di S. Chiara (1340)|chiesa|Piazza S. Chiara, 11|tel. 091 331141 - 340 9840657 |il Sabato dalle 17 alle 18.30 - Domenica dalle 9 alle 10.30|La chiesa è visitabile nei giorni feriali su richiesta E' operativo il Centro Salesiano all'interno della Chiesa con servizi d'accoglienza per extracomunitari dalle 6.30 alle 23|||||
Chiese e Oratori|Chiesa di S. Cristina La Vetere (1174)|chiesa|Vicolo dei Pellegrini, 2 |tel. 091 348728 |la Domenica dalle 10 alle 13 o su prenotazione Chiusa gli altri giorni e festivi|la Domenica dalle 10 alle 13 o su prenotazione|costi: (contributo d'ingresso)  2,00|www.itimed.org|itimed@gmail.com||
Chiese e Oratori|Chiesa di S. Domenico (1640)|chiesa|Piazza S. Domenico|tel. 091 589172 - 091 6114314 - 329 4259159|da Ottobre a Maggio dal Martedì alla Domenica dalle 8 alle 12, nei mesi di maggio ed ottobre anche il lunedì dalle 8 alle 12. Da luglio a settembre da martedì a domenica dalle 8.30 alle 11.30|n.b. la Domenica non è consentita la visita per gruppi turistici Chiusa Lunedì|||www.itinerars.it||
Chiese e Oratori|Chiesa di S. Eulalia dei Catalani (1537)|chiesa sede dell'Istituto Cervantes PA|Via Argenteria Nuova, 33 |tel. 091 8430481|dal 15 settembre al 30 Giugno da Lunedì a Giovedì dalle 9.00 alle 13.30 e dalle 15.30 alle 18.30 - Venerdì dalle 8 alle 15 - Luglio e dall'1/9 al 14/9 da Lunedì a Venerdì dalle 8 alle 15|Chiusa Sabato - Domenica - Festivi|||||
Chiese e Oratori|Chiesa di S. Francesco d'Assisi (1277)|chiesa|Piazza S.Francesco d'Assisi|tel. 091 582370 |Tutti i giorni dalle 7 alle 11.30 e dalle 16 alle 18. Domenica dalle 7 alle 13.||||||
Chiese e Oratori|Chiesa di S. Francesco Saverio (1710)|Chiesa|Piazza S. Francesco Saverio|tel. 091 6517052 - 328 3227667|Da domenica a venerdì dalle 9 alle 13 (la domenica anche 18.30 alle 20.30 per funzione religiosa) ingresso da via Vesalio suonando alla A.GE.DO.|Chiusa Sabato|||||
Chiese e Oratori|Chiesa di S. Gioacchino al Collegio Maria all'Olivella (1727)|Chiesa|Via Patania|tel. 091 581058|da Lunedì a Sabato dalle 6,40 alle 7.40. Domenica e festivi dalle 7.15 alle 8|E' possibile visitare la Chiesa in altri orari su prenotazione telefonica|||||
Chiese e Oratori|Chiesa di S. Giorgio dei Genovesi (1576)|Chiesa|Piazza S. Giorgio dei Genovesi|tel. 091 332779 - 333 9430999(Info e prenotazioni)|ORARIO INVERNALE (Novembre - Marzo) da lunedì a sabato dalle 9 alle 16. ORARIO ESTIVO (Aprile - Ottobre) da lunedì a venerdì dalle 9 alle 18|Chiusa Domenica|intero  5,00 - ridotto  4,00 per universitari e gruppi (minimo 10 persone)  ridotto euro 1,00 per studenti da 7 a 17 anni - gratuito per bambini fino ai 6 anni, religiosi, diversamente abili e accompagnatori, giornalisti, guide e capigruppo. n.b. Col ticket d'ingresso sono visitabili gli Oratori (S.Cita e SS.Rosario in S.Domenico). Le chiese sono sempre ad ingresso gratuito.||www.santacita.it|La Chiesa fa parte del Circuito dei "tesori della loggia"  che comprende l'Oratorio di S. Cita la Chiesa di S. Mamiliano (o Cita)  SS.Rosario in S.Domenico  S.Giorgio dei Genovesi - S.Maria in Valverde|
Chiese e Oratori|Chiesa di S. Giovanni degli Eremiti (1148)|Chiesa|Via dei Benedettini|tel. 091 6515019|da Martedì a Sabato dalle 9 alle 19. Lunedì, domenica e festivi infrasettimanali dalle 9 alle 13.30.||costi: intero  6,00 - ridotto  3,00 dai 18 ai 25 anni e corpo docente -  1,00 per residenti a Palermo - gratuito per minorenni, over 65 della C.E. e scolaresche previo accordo||||
Chiese e Oratori|Chiesa di S. Giovanni dei Lebbrosi (1071)|chiesa|Via Cappello, 38|tel. 091 475024|giorni feriali dalle 9 alle 11 e dalle 16 alle 19. Domenica e festivi dalle 7.30 alee 12.30||||||
Chiese e Oratori|Chiesa di S. Giovanni dei Napoletani (1526) |Chiesa|Corso Vittorio Emanuele (angolo Piazza Marina)||Giovedì dalle 12.30 alle 16.30 - Sabato dalle 16.30 alle 19.30 - 3° Sabato del mese dalle 17.30 alle 19||||||
Chiese e Oratori|Chiesa di S. Giuseppe Cafasso  (1765) (ex S. Giorgio in Kemonia) |chiesa|Via dei Benedettini, 16|tel. 091 6518223 - 091 3822777|dal Lunedì al Sabato dalle 8 alle 12 e dalle 16,30 alle 19 Domenica e festivi dalle 9 alle 12|Novità: da metà Maggio visitabile anche la torre e il campanile della Chiesa, da lunedì a sabato dalle 10.30 alle 15.30.|costi: contributo d'ingresso  1,50 (accesso torre)||www.sangiuseppecafasso.arcidiocesi.palermo.it||
Chiese e Oratori|Chiesa di S. Giuseppe dei Teatini (1645)|chiesa|Piazza Pretoria - Corso Vittorio Emanuele|tel. 091 331239|dal 15 Settembre al 15 Luglio da Lunedì a Sabato dalle 7.30 alle 12 e dalle 17.30 alle 20 - Domenica e festivi dalle 8.30 alle 13.15 e dalle 18 alle 20 - dal 16/7 al 14/9 da Lunedì a Sabato dalle 7.30 alle 11 e dalle 18.15 alle 20||costi: contributo d'ingresso offerta libera||www.sangiuseppeteatini.arcidiocesi.palermo.it||
Chiese e Oratori|Chiesa di S. Gregorio Papa (1688)|Chiesa|Via Porta di Carini|tel. 091 583791|giorni feriali dalle 7.45 alle 11, festivi dalle 7.45 alle 12.30||||||
Chiese e Oratori|Chiesa di S. Ignazio Martire all'Olivella dei Padri Filippini (1622)|chiesa|Piazza Olivella |tel. 091 586867|tutti i giorni, festivi compresi, dalle 7.50 alle 10 e dalle 17 alle 18.30  ||||||
Chiese e Oratori|Chiesa di S. Ippolito (orig.1267)|Chiesa|Via Porta Carini, 33|tel. 091 328430|da Lunedi a Sabato dalle 8.00 alle 11.30 - Domenica e festivi dalle 8 alle 12.||||www.santippolito.arcidiocesi.palermo.it||
Chiese e Oratori|Chiesa di S. Maria in Valverde (1633)|chiesa|Piazza S. Valverde, 3|tel. 091 332779 - 091 8431605 (Info e prenotazioni)|ORARIO INVERNALE (Novembre - Marzo) da lunedì a sabato dalle 9 alle 16. ORARIO ESTIVO (Aprile - Ottobre) da lunedì a venerdì dalle 9 alle 18|Chiusa Domenica|costi: intero  5,00 - ridotto  4,00 per universitari e gruppi (minimo 10 persone)  ridotto euro 1,00 per studenti da 7 a 17 anni - gratuito per bambini fino ai 6 anni, religiosi, diversamente abili e accompagnatori, giornalisti, guide e capigruppo. n.b. Col ticket d'ingresso sono visitabili gli Oratori (S.Cita e SS.Rosario in S.Domenico). Le chiese sono sempre ad ingresso gratuito. ||www.santacita.it|La Chiesa fa parte del Circuito dei "tesori della loggia"  che comprende l'Oratorio di S. Cita la Chiesa di S. Mamiliano (o Cita)  SS.Rosario in S.Domenico  S.Giorgio dei Genovesi - S.Maria in Valverde|
Chiese e Oratori|Chiesa di S. Maria degli Angeli (La Gancia) (1490)|Chiesa|Via Alloro, 27|tel. 091 6165221|da Lunedì a Sabato dalle 9.30 alle 13.30||||||
Chiese e Oratori|Chiesa di S. Maria dei Miracoli (1547)|Chiesa|Piazza Marina|Chiusa al pubblico per restauro|Chiusa al pubblico per restauro||||||
Chiese e Oratori|Chiesa di S. Maria del Carmine (1667)|Chiesa|Piazza del Carmine|tel:  091 6512018|da Lunedi a Domenica dalle 9 alle 11.|Il pomeriggio visitabile solo per gruppi previa richiesta tel. Visite sospese durante la messa|||||
Chiese e Oratori|Chiesa (di S.Maria) della Catena (1490)|Chiesa|Piazzetta delle Dogane|tel. 091 321529|tutti i giorni dalle 10 alle 18||costo: intero  2,50 - ridotto  1,50 per gruppi min.10 pax con ausilio guida||www.amicimuseisiciliani.it||
Chiese e Oratori|Chiesa di S. Maria della Pietà (1684)|Chiesa|Via Torremuzza, 1|tel. 091 6165266|da Lunedì a Sabato dalle 9 alle 12 e dalle 16 alle 19 Domenica e festivi dalle 8 alle 12||||||
Chiese e Oratori|Chiesa di S. Maria di Portosalvo (1526)|Chiesa|Piazza Marina|da Lunedì a Sabato dalle 7 alle 10 - Domenica e festivi dalle 10.30 alle 13|||||||
Chiese e Oratori|Chiesa di S. Maria in valverde (1633)|Chiesa|Piazza S. Giorgio dei Genovesi|tel. 091 332779 - 091 8431605 (Info e prenotazioni)|ORARIO INVERNALE (Novembre - Marzo) da lunedì a sabato dalle 9 alle 16. ORARIO ESTIVO (Aprile - Ottobre) da lunedì a venerdì dalle 9 alle 18|Chiusa Domenica|intero  5,00 - ridotto  4,00 per universitari e gruppi (minimo 10 persone)  ridotto euro 1,00 per studenti da 7 a 17 anni - gratuito per bambini fino ai 6 anni, religiosi, diversamente abili e accompagnatori, giornalisti, guide e capigruppo. n.b. Col ticket d'ingresso sono visitabili gli Oratori (S.Cita e SS.Rosario in S.Domenico). Le chiese sono sempre ad ingresso gratuito. ||www.santacita.it|La Chiesa fa parte del Circuito dei "tesori della loggia"  che comprende l'Oratorio di S. Cita la Chiesa di S. Mamiliano (o Cita)  SS.Rosario in S.Domenico  S.Giorgio dei Genovesi - S.Maria in Valverde|
Chiese e Oratori|Chiesa di S. Maria La Nuova (1534)|Chiesa|Piazza S. Giacomo la Marina, 13|tel. 091 326597|da lunedì a sabato dalle 9 alle 11, domenica dalle 9 alle 13||||||
Chiese e Oratori|Chiesa di S. Mattia ai Crociferi|Chiesa|Via Torremuzza (entrata da Foro Umberto I, 14)|tel. 091 740 6903 (sede dell'Assessorato al "centro storico")|Chiusa per restauri|Chiusa per restauri|||||
Chiese e Oratori|Chiesa di S. Nicolò da Tolentino (1495)|Chiesa|Via Maqueda, 159|tel. 091 6163013||da ottobre a giugno tutti i giorni dalle 9 alle 12 e dalle 16.30 alle 18.30. Da luglio a settembre dal lunedì al sabato dalle 9 alle 12 il sabato anche dalle 16.30 alle 18.30|||||
Chiese e Oratori|Chiesa di S. Nicolo di Bari all'Albergheria (1330)|chiesa|Via Nunzio Nasi, 18|tel. 091 6512820|da lunedì a sabato dalle 9 alle 12 e dalle 16.30 19. Domenica e festivi dalle 9 alle 12.||||||
Chiese e Oratori|Chiesa di S. Ninfa dei Crociferi (1601)|chiesa|Via Maqueda, angolo via Celso 220|tel. 091 334838 |da Lunedì a Sabato dalle 8.30 alle 12.30 e dalle 16.30 alle 19.30 - Domenica dalle 8 alle 10 e dalle 16.30 alle 19.30|n.b. durante le funzioni religiose non sono ammessi visitatori|||||
Chiese e Oratori|Chiesa di S. Sebastiano (1516)|Chiesa|Via del Noviziato|tel. 091 326597 (S.Maria La Nuova)|orari: Sabato dalle 16.30 alle 18.00|Chiuso da Lunedi a Venerdi e Domenica Possibile visitare la Chiesa su prenotazione telefonica|||||
Chiese e Oratori|Chiesa di S. Stanislao Kostka (1705)|chiesa|Via del Noviziato|tel. 091 583859|da lunedì a venerdì dalle 8.50 alle 12 e dalle 16 alle 18. Domenica e festivi dalle 9 alle 12.||||www.stanislao.diocesipa.it||
Chiese e Oratori|Chiesa di S. Teresa alla Kalsa (1686)|chiesa|Piazza Kalsa|tel. 091 6171658|da Martedì a Domenica dalle 7 alle 11 e dalle 16 alle 19|Chiuso Lunedi |||||
Chiese e Oratori|Chiesa di Ss. Pietro e Paolo Apostoli (1880)|chiesa|Via Bentivegna 62, B|tel. 091 335485 - fax 091 6126843|da Lunedì a Sabato dalle 8 alle 12 e dalle 16.30 alle 20.30|Domenica e festivi dalle 8.30 alle 12.30 e dalle 19.30 alle 21.30 ;|||||
Chiese e Oratori|Duomo di Monreale (1174)|Duomo di Monreale, chiesa|Piazza Duomo - Monreale PA|tel. 091 6402424   |tutti i giorni dalle 8,30 alle 12,45 e dalle 14.30 alle 17.30 (dal 1 aprile al 31 ottobre) - tutti i giorni dalle 8,30 alle 12,45 e dalle 15.30 alle 17.30 (dal 1 novembre al 31 marzo).|n.b. per le visite di gruppi necessità una prenotazione telefonica. Per info 327 351 0886 (L- Mm - V  9/13) Possibile accedere tutti i giorni al "museo cappella roano" e alle "terrazze" da Lunedì a Sabato dalle 9 alle 13 e dalle 14.30 alle 17.30|contributo "d'ingresso" per la manutenzione e salvaguardia del Sito  1,50 - con ausilio di audioguida  5,00  "museo cappella roano" e alle "terrazze" contributo "d'ingresso" per la manutenzione e salvaguardia del "museo"  4,00 - delle "terrazze"  2,00||www.webdiocesi.chiesacattolica.it/sicilia/monreale||
Chiese e Oratori|Chiostro di Monreale|Chiostro, chiesa|Piazza Guglielmo il Buono - Monreale (PA)|tel. 091 6404403|Il Lunedì, domenica e festivi infrasettimanali dalle 9 alle 13.30. Da martedì - sabato dalle 9 alle 19.||intero  6,00 - ridotto  3,00 dai 18 ai 25 anni - gratuito per minorenni ed over 65.||www.palermotourism.com/datad/cultura/scheda.asp?id=1110||
Chiese e Oratori|Oratorio dei Bianchi (1505)|Oratorio|Piazzetta dei Bianchi|tel. 091 6173080 |Chiuso per restauri. L'Oratorio è visitabile soltanto al primo piano solo previa prenotazione telefonica (max 10 persone) Chiuso Lunedi|Visite guidate su richiesta per gruppi. Per info 091 6230039 ||||Visite guidate su richiesta per gruppi. Per info 091 6230039 |
Chiese e Oratori|Oratorio del Carminello (1609)|Oratorio|Via Porta S. Agata, 5|tel. 329 2950170 |Domenica dalle 9 alle 12 Chiusa dal Lunedì al Sabato|Possibile visita dell'Oratorio su prenot. telefonica nei giorni feriali|||||
Chiese e Oratori|Oratorio del SS.Rosario in S. Domenico (1574)|Oratorio|Piazza S. Giorgio dei Genovesi|tel. 091 332779 - 091 8431605 (Info e prenotazioni)|ORARIO INVERNALE (Novembre - Marzo) da lunedì a sabato dalle 9 alle 16. ORARIO ESTIVO (Aprile - Ottobre) da lunedì a venerdì dalle 9 alle 18|Chiusa Domenica|costi: intero  5,00 - ridotto  4,00 per universitari e gruppi (minimo 10 persone)  ridotto euro 1,00 per studenti da 7 a 17 anni - gratuito per bambini fino ai 6 anni, religiosi, diversamente abili e accompagnatori, giornalisti, guide e capigruppo. n.b. Col ticket d'ingresso sono visitabili gli Oratori (S.Cita e SS.Rosario in S.Domenico). Le chiese sono sempre ad ingresso gratuito. ||www.santacita.it|L'Oratorio fa parte del Circuito dei "tesori della loggia"  che comprende l'Oratorio di S. Cita la Chiesa di S. Mamiliano (o Cita)  SS.Rosario in S.Domenico  S.Giorgio dei Genovesi - S.Maria in Valverde|
Chiese e Oratori|Oratorio di S. Caterina d'Alessandria (1638)|Oratorio|Via Monteleone, 50|tel. 091 302667|Chiuso al pubblico ||||www.santosepolcro.sicilia.it/chiese/s_caterina.htm||
Chiese e Oratori|Oratorio di S. Cita (1603)|Oratorio|Piazza S. Giorgio dei Genovesi|tel. 091 332779 - 091 8431605 (Info e prenotazioni)|ORARIO INVERNALE (Novembre - Marzo) da lunedì a sabato dalle 9 alle 16. ORARIO ESTIVO (Aprile - Ottobre) da lunedì a venerdì dalle 9 alle 18|Chiusa Domenica|costi: intero  5,00 - ridotto  4,00 per universitari e gruppi (minimo 10 persone)  ridotto euro 1,00 per studenti da 7 a 17 anni - gratuito per bambini fino ai 6 anni, religiosi, diversamente abili e accompagnatori, giornalisti, guide e capigruppo. n.b. Col ticket d'ingresso sono visitabili gli Oratori (S.Cita e SS.Rosario in S.Domenico). Le chiese sono sempre ad ingresso gratuito. ||web: www.santacita.it|L'Oratorio fa parte del Circuito dei "tesori della loggia"  che comprende l'Oratorio di S. Cita la Chiesa di S. Mamiliano (o Cita)  SS.Rosario in S.Domenico  S.Giorgio dei Genovesi - S.Maria in Valverde|
Chiese e Oratori|Oratorio di S. Filippo Neri (1593)|Oratorio|Via Roma 320/A|tel. 091 6091324|Chiuso per restauro||||www.oratoriosanfilipponeripalermo.org||
Chiese e Oratori|Oratorio di S. Lorenzo all'Immacolatella (1570)|Oratorio|Via dell'Immacolatella, 5|tel. 091 6118168 |orari: tutti i giorni dalle 10 alle 18 ||costo: intero  2,50 - ridotto  1,50 per gruppi min.10 pax con ausilio guida||www.amicimuseisiciliani.it||
MUSEI E GALLERIE D'ARTE|Cantieri Culturali alla Zisa|Gallerie d'arte|Via Paolo Gili, 4|tel. 091 6513485|Orari: da martedì a domenica dalle 9 alle 19   Chiuso Lunedì||||www.cantierizisa.it||
MUSEI E GALLERIE D'ARTE|Catacombe dei Cappuccini|Catacombe dei Cappuccini|Via Cappuccini, 1|tel. 091 6524156 -  329 4150462|tutti i giorni dalle 9 alle 13 e dalle 15 alle 18.||costi: intero  3,00||http://members.xoom.it/niria_di||
MUSEI E GALLERIE D'ARTE|Catacombe Paleocristiane di Porta d'Ossuna|Catacombe Paleocristiane di Porta d'Ossuna|Corso Alberto Amedeo, 110/112|tel. 091 546366 (prenotazione visite via fax)|1° Martedì di ogni mese dalle 10.30 alle 15.30||||||
MUSEI E GALLERIE D'ARTE|Ex Deposito Locomotive S. Erasmo|Ex Deposito Locomotive S. Erasmo Galleria d'arte|Via Messina Marine, 32|tel. 091 7308489 - fax 091 7308493   Il Sito è visitabile solo in occasione di mostre e/o eventi|||||||
MUSEI E GALLERIE D'ARTE|G.A.M. Galleria d' Arte Moderna|Complesso Monumentale di S. Anna ai Lattarini|Via Sant' Anna, 21  |tel. 091 8431605|da Martedì a Domenica e festivi dalle 9.30 alle 18.30 - Venerdì e Sabato chiusura alle 23 (ultimo ingresso ore 22) Chiuso Lunedì ||intero  7,00 ||web: www.galleriadartemodernapalermo.it||
MUSEI E GALLERIE D'ARTE|Galleria Regionale di Sicilia|Galleria Regionale di Sicilia - sede Palazzo Abatellis|Via Alloro, 4|tel. 091 6230011|da Martedì a Domenica e festivi dalle 9 alle 13  Chiuso Lunedì||intero  8,00 - ridotto  4,00 dai 18 ai 25 anni - ridotto  1,00 per residenti - gratuito per under 18 ed over 65 anni Chiuso Lunedì||www.regione.sicilia.it/beniculturali/palazzoabatellis||
MUSEI E GALLERIE D'ARTE|Chiesa di S. Matteo (1633)|Chiesa|Corso Vittorio Emanuele, 247|tel. 329 6198263|da Lunedì a Sabato dalle 10 alle 16.30 (fino al 30 aprile) dalle 10 alle 18 (dal 1 maggio) - Domenica e festivi dalle 9.30 alle 11||contributo d'ingresso  1,00||||
MUSEI E GALLERIE D'ARTE|Museo Archeologico Regionale "A. Salinas"|Museo Archeologico Regionale|Piazza Olivella, 24|tel. 091 6116805/6|orari: da Martedì a Venerdì dalle 8.30 alle 13.30 e dalle 14.30 alle 18.30 - Sabato, Domenica e festivi dalle 8.30 alle 13.30 Chiuso Lunedì||intero  4,00 - ridotto 1,00 per residenti Palermo - ridotto  2,00 per ragazzi dai 18 ai 25 anni - gratuito per under 18 ed over 65.||www.regione.sicilia.it/beniculturali/salinas||
MUSEI E GALLERIE D'ARTE|Museo Civico "Renato Guttuso"|Museo Civico|Via Rammacca, 9 Bagheria PA c/o Villa Cattolica|tel: 091 943902/4/6|da Martedì a Domenica e festivi dalle 9.30 alle 14 e dalle 15 alle 19.30 Chiuso Lunedì|Il museo resterà chiuso il 25 dicembre e il 1 gennaio|intero  5,00 - ridotto  4,00 per under 18 ed over 65 anni -  2,00 per scolaresche||web: www.museoguttuso.it||
MUSEI E GALLERIE D'ARTE|Museo d'Arte Contemporanea della Sicilia|Museo d'Arte Contemporanea della Sicilia - sede Palazzo Belmonte Riso|Corso Vittorio Emanuele, 365|tel: 091 587717|da Martedì a Domenica dalle 10 alle 20 (alle 22 il Giovedì e Venerdì) Chiuso Lunedì||intero  6,00 - ridotto  3,00 per universitari - ridotto  1,00 residenti - gratuito per under 18 ed over 65.||www.palazzoriso.it||
MUSEI E GALLERIE D'ARTE|Museo d' Arte Islamica|Museo d' Arte Islamica - Sede c/o Castello della Zisa|Piazza Guglielmo il Buono|tel: 091 6520269|da martedì a domenica dalle 9 alle 19. Domenica, lunedì e festivi infrasettimanali dalle 9 alle 13.30||||||
MUSEI E GALLERIE D'ARTE|Museo d'Arte Moderna "Giuseppe Sciortino"|Museo d'Arte Moderna|Piazza Guglielmo II, Monreale (Pa)|tel: 091 6564647|da lunedì a sabato dalle 8 alle 13 e dalle 15 alle 19 - Domenica e festivi dalle 9.00 alle 13||intero  3,00 - gratuito per under 18, over 65 anni e per scolaresche||||
MUSEI E GALLERIE D'ARTE|Museo del Giocattolo "Pietro Piraino"|Museo del Giocattolo - sede Palazzo Aragona Cutò|Via Consolare, 105 Bagheria PA |tel: 091 943803 / 1|da Martedì a Venerdì dalle 9 alle 13 e dalle 15 alle 18.30 Sabato e Domenica e festivi dalle 9 alle 13 Chiuso Lunedì||intero  4,00 - ridotto  3,00 per studenti e/o gruppi min. 10 pax -  2,00 per bambini fino a 6 anni - supplemento per guida, ove richiesta,  0,50 (su prenotazione)||museodelgiocattolo.org|guide su prenotazione|
MUSEI E GALLERIE D'ARTE|Museo del Mare (Arsenale Borbonico)|Museo del Mare (Arsenale Borbonico)|Via dell' Arsenale, 140 (ex Cristoforo Colombo)|tel. 091 361309 - 335 610 2379|da Martedì a Domenica dalle 9.30 alle 12.30 Chiuso Lunedì||ingresso  2,00||www.arsenaledipalermo.it||
MUSEI E GALLERIE D'ARTE|Museo del Risorgimento "V.E. Orlando"|Museo del Risorgimento|Piazza S. Domenico, 1   | tel. 091 582 774|da Lunedì al Venerdì dalle ore 10 alle 12 Chiuso Sabato,  Domenica e festivi||intero  4,00||www.storiapatria.it||
MUSEI E GALLERIE D'ARTE|Museo della Specola (Osservatorio Astronomico)|Osservatorio Astronomico|Piazza del Parlamento, 1|tel. 091 233 247 - 091 233 232||Il Sito momentaneamente rimane chiuso al pubblico|||www.astropa.unipa.it||
MUSEI E GALLERIE D'ARTE|Museo di Mineralogia e Zoologia "P. Doderlein"|Museo di Mineralogia e Zoologia|Via Archirafi, 16|tel. 091 238 91819 |da Lunedì a Venerdì dalle 9 alle 13 - Sabato e le Domeniche con "eventi organizzati" dalle 10 alle 17  Chiuso Domenica e festivi||intero  3,00 - ridotto  2,50 per gruppi -  2,00 per studenti universitari e dipendenti -  1,00 per residenti - gratuito per studenti della facoltà di mineralogia e scienza||www.museozoologia.unipa.it||
MUSEI E GALLERIE D'ARTE|Museo di Radiologia|Museo di Radiologia|Piazza delle Cliniche, 2  (all'interno del Policlinico di Palermo)|tel. 091 655 2335/6|Ingresso gratuito esclusivamente su richiesta e prenot. telefonica Chiuso Sabato,  Domenica e festivi||Ingresso gratuito||||
MUSEI E GALLERIE D'ARTE|Museo Diocesano|Museo Diocesano - Palazzo Arcivescovile|Via Matteo Bonello, 2|tel. 091 607 7111|da Martedì a Venerdì dalle 9.30 alle 13.30 - Sabato dalle 10 alle 18 - Domenica e festivi 9.30 - 13.30 Chiuso Lunedì||intero  4,50 - ridotto  3,50 dai 6 ai 17 anni ed over 60 - ridotto  1,00 per scolaresche o gruppi min. 15 pax. E' possibile acquistare un biglietto cumulativo per visitare in combinata l'area monumentale della Cattedrale.||www.museodiocesanopa.it||
MUSEI E GALLERIE D'ARTE|Museo Enologico|Museo Enologico c/o Palazzo Principe di Palagonia|Via del IV Aprile, 2  (Piazza Marina)|tel. 091 616 2288|da Lunedì a Sabato dalle 9 alle 12 Chiuso Domenica e festivi||intero  5,00 comprensivo di visita guidata e degustazione ||www.enotecasicilia.eu||
MUSEI E GALLERIE D'ARTE|Museo Etnografico "G. Pitrè"|Museo Etnografico  "G. Pitrè"  Giuseppe Pitrè, demologo palermitano visse a cavallo tra il XIX ed il XX secolo. Medico di professione, si dedicò con passione filologica alla conservazione e catalogazione del patrimonio orale del popolo siciliano. Frutto dellimmane lavoro, che ebbe riconoscimenti fin oltre oceano, è la Biblioteca delle Tradizioni Popolari pubblicata in 25 volumi che attraverso la raccolta di canti, fiabe proverbi ricette giochi e indovinelli ripercorre il ciclo dellanno e della vita nella Sicilia del tempo. La collezione di manufatti raccolta da Pitrè e ordinata dal suo illustre allievo Giuseppe Cocchiara, costituiscono il primo nucleo del Museo Etno-antropologico di Palermo. Lesposizione permanente, allestita nel piano nobile del palazzo, ospita portantine e mobili settecenteschi, il teatrino dellOpera dei Pupi, la "stanza della memoria", dedicata a Giuseppe Pitrè, e parte dei volumi della Biblioteca, pubblicata in venticinque volumi fra il 1871 e il 1913, in particolare i fondi riguardanti le tradizioni popolari, la storia e larchitettura siciliana.|Viale Duca degli Abruzzi, 1|tel. 091 7409008 - 091 7409005 per informazioni e prenotazione visite : dal Lunedì al Venerdì dalle ore 09.30 alle ore 13.30|da Martedì a Domenica dalle 9.30 alle 18.30 Chiuso Lunedì - INGRESSO GRATUITO||||||
MUSEI E GALLERIE D'ARTE|Museo Geologico di Paleontologia "Gemmellaro"|Museo Geologico di Paleontologia|Corso Tukory, 131|tel. 091 253 9477 |da Lunedì a Giovedì dalle 9 alle 13 e dalle 15 alle 17, Venerdì dalle 9 alle 13. Il sabato dalle 9 alle 13 solo su prenotazione. Chiuso Sabato, Domenica e festivi||intero  3,00 - ridotto  2,00||www.unipa.it/museogemmellaro||
MUSEI E GALLERIE D'ARTE| Museo Internazionale delle Marionette "A. Pasqualino" M.I.M.A.| Museo Internazionale delle Marionette|Piazzetta A. Pasqualino, 5 (trav. via Butera)|tel. 091 328060|da Lunedì a Sabato dalle 9 alle 13 e dalle 14.30 alle 18.30 Domenica dalle 10 alle 13 Martedì e Giovedì alle ore 17.30 verrà effettuato spettacolo teatrale Chiuso festivi||intero  5,00 - ridotto  3,00 bambini, over 65 e gruppi min. 20 pax. costi spettacolo:  6,00 - ridotto  4,00 bambini, over 65 e gruppi min. 20 pax.||www.museomarionettepalermo.it||
MUSEI E GALLERIE D'ARTE|Museo Mormino |Museo - sede: Villa Zito|Viale Libertà, 52 |tel. 091 779 2711|da Lunedì a Venerdì dalle 9 alle 13 e dalle 15 alle 17 Sabato dalle 9 alle 13. Chiuso Domenica e festivi||intero  4,00 - ridotto  2,00 per ragazzi sotto i 18, over 65 anni ed universati muniti di tesserino - gratuito per studenti previa prenotazione||www.museomormino.it||
MUSEI E GALLERIE D'ARTE|Museo Regionale di Palazzo Mirto|Museo Regionale|Via Merlo, 2|tel. 091 616 7541 - 091 616 4751|da Martedì a Sabato dalle 9 alle 18 (ult.ingresso 17.30) - Domenica dalle 9 alle 13 (ult.ingresso 13.30) Chiuso Lunedì||intero  5,00 - ridotto  3,00 da 18 a 25 anni. Gratuito under 18 ed over 65. Il ticket comprende la guida||www.regione.sicilia.it/beniculturali/palazzomirto||
MUSEI E GALLERIE D'ARTE|Museo sulla storia della Scienza|Museo sulla storia della Scienza - c/o Liceo Classico Garibaldi|Via Maggiore Toselli, 36 |tel: 091 589624 - 091 346152|Il Museo è visitabile esclusivamente su prenotazione||||www.museoscientifico.com||
VILLE e GIARDINI|Città dei Ragazzi|All'interno attività ludico-creative, con laboratori manipolativi per bambini e ragazzi ed altre iniziative. Info allo 0916714373|Viale degli Abruzzi, 1D|tel. 091 6714373||Chiusa per inattività dal 01/09/2012|costi: intero  2,00 - ridotto  1,00 per scolaresche su prenotazione telefonica -  5,00 abbonamento||||
VILLE e GIARDINI|Giardino della Zisa|villa|Piazza Guglielmo il Buono|tel. 091 652 0269|orari: da Martedì a Domenica dalle 7 alle 19|Chiuso Lunedì|ingresso gratuito||||
VILLE e GIARDINI|Giardino di Villa Napoli|Villa|Via Francesco Speciale|tel. 328 3605846||Chiuso al pubblico (prossima apertura)|||||
VILLE e GIARDINI|Giardino Inglese (1853)|all'interno del Giardino servizio "spazio gioco" (bambini da 0 a 3 anni) e "spazio bimbi piccoli" (fino a 5 anni) della "Ludoteca del Giardino", dal Lunedì al Venerdì dalle 9.30 alle 12.30 e dalle 16 alle 19, Il Sabato dalle 9.30 alle 12.30  Info 091.6268360 / 335.1079380|Viale della Libertà|tel. 091 7406790|da Lunedì a Domenica dalle 8 alle alle 20|n.b. in caso di condizioni climatiche avverse, il Giardino rimarrà chiuso al pubblico|||www.laludotecadelgiardino.it||
VILLE e GIARDINI|Orto Botanico (1785)|Giardino pubblico|(1785)  Via Lincoln 2/b||Ottobre da Lunedì a Domenica dalle 9 alle 19 - Novembre tutti i giorni dalle 9 alle 18. Da Dicembre in poi tutti i giorni dalle 9 alle 17||intero  5,00 - ridotto  4,00 per gruppi min. 20 pax - ridotto  3,00 dai 10 ai 16 anni - ridotto  2,00 over 65 -  1,00 bambini d'età inferiore a 10 anni - biglietto famiglia  10,00 (genitori+1 figlio)||www.ortobotanico.palermo.it|Il Sito organizza "visite guidate" a tema, storico botaniche       Per info numero verde 800 905 367|
VILLE e GIARDINI|Parco Ninni Cassarà (2011)|parco pubblico|via E. Basile, via Altofonte (bassa) e Largo Claudio Traina (già Corso Pisani)||Periodo invernale (21 ottobre - 21 marzo) tutti i giorni dalle 7.30 alle 18.30. Periodo estivo (22 marzo - 20 ottobre) tutti i giorni dalle 7.30 alle 20.||||||
VILLE e GIARDINI|Parco d'Orleans (1797)|Parco|Corso Re Ruggero|tel. 091 7075038|da Lunedì a Venerdì dalle 9 alle 13 e dalle 15 alle 18 - Sabato e Domenica dalle 9 alle 13|n.b. in caso di condizioni climatiche avverse, il Giardino rimarrà chiuso al pubblico  Chiuso i festivi|||||
VILLE e GIARDINI|Villa Filippina (1755)|villa pubblica|Piazza S.Francesco di Paola, 18||da Lunedì a Venerdì dalle 10 alle 20 - Sab e Dom dalle 10 alle 24|La struttura offre varie attrazioni tra le quali l'osservatorio astronomico (il Sabato e la Domenica dalle 10 alle 13 e dalle 18 alle 22)|5,00 (il biglietto è omnicomprensivo di tutte le altre attività offerte all'interno della Villa)||www.villafilippina.it||
VILLE e GIARDINI|Villa Garibaldi (1864)|Villa pubblica|Piazza Marina||tutti i giorni dalle 8 alle 19.30|n.b. in caso di condizioni climatiche avverse, il Giardino rimarrà chiuso al pubblico|||||
VILLE e GIARDINI|Villa Giulia (1777)|Villa pubblica|Via Lincoln|tel. 091 7404028|tutti i giorni, festivi compresi, dalle 8 alle 20|n.b. in caso di condizioni climatiche avverse, il Giardino rimarrà chiuso al pubblico||||Visite guidate su prenotazione. Per info telefonare allo 091 8431605|
VILLE e GIARDINI|Villa Igea|dependance albergo|Salita Belmonte, 43|tel. 091 631 2141|Il giardino è visitabile previo accordo con l'Hotel Villa Igiea||||||
VILLE e GIARDINI|Villa Malfitano  (1885)|Villa Malfitano  (1885)|Via Dante|tel. 091 6820522|da Lunedì a Sabato dalle 9 alle 13.30|Chiuso Domenica e festivi|l'ingresso alla Villa è gratuito per accedere al Palazzo il costo è di  6,00 a persona||www.fondazionewhitaker.it||
VILLE e GIARDINI|Villa Niscemi  (XVIII sec.)|Villa Niscemi  (XVIII sec.)|Piazza Niscemi|tel. 091 7404822|il parco tutti i giorni dalle 9 alle 18.|E' possibile visitare l'edificio gratuitamente da Lunedì a Sabato previo accordo, domenica e festivi dalle 9 alle 13|||||
VILLE e GIARDINI|Villa Terrasi|Villa Terrasi|Viale Lazio||tutti i giorni dalle 8.30 alle 19|All'interno il "Cafè Letterario Costas", sistema bibliotecario cittadino (wifi room + biblioteca) aperti dal Lunedì al Venerdì dalle 9 alle 18.30|||||
VILLE e GIARDINI|Villa Trabia (XVIII sec.)|Villa Trabia (XVIII sec.) sede di biblioteca e mediateca comunale|Via Salinas, 3|tel. 091 7405905|tutti i giorni dalle 7 alle 19|n.b. in caso di condizioni climatiche avverse, il Giardino rimarrà chiuso al pubblico|||||