id|nome|indirizzo|cap|citta|telefono|fax|email|web|camere|direttore|tipi|tipi_specifici|stelle
69|Grand Hotel Villa Igiea Hilton Palermo|Salita Belmonte, 43|90142|Palermo|0916312111 - 800 179217|091547654|vgiglio@amthotels.it - villa-igiea@amthotels.it|http://www.villa-igiea.com|124|Vito Giglio|accoglienza|albergo, hotel|5
73|Hotel Villa Archirafi|Via Lincoln, 30|90123|Palermo|0916168827|0916168631|villaarchirafi@libero.it|http://www.villaarchirafi.com|||accoglienza|albergo, hotel|2
74|Hotel Moderno|Via Roma , 276|90133|Palermo|091588683|091588683|info@hotelmodernopa.com|http://www.hotelmodernopa.com|||accoglienza|albergo, hotel|2
75|Hotel Ariston|Via Mariano Stabile, 139|90139|Palermo|091332434||info@aristonpalermo.it - info@bbaristonpalermo.com|http://www.aristonpalermo.it|||accoglienza|albergo, hotel|2
76|Hotel Italia|Via Roma, 62|90133|Palermo|0916169320|0917920035|hotelitaly@email.it|http://www.hotelitalia-palermo.it|||accoglienza|albergo, hotel|2
77|Hotel Alessandra|Via Divisi, 99|90133|Palermo|0916173958 - 0916174325|0916165180|informazioni@hotel-alessandra.it - direzione@hotel-alessandra.it|http://www.hotel-alessandra.it|||accoglienza|albergo, hotel|2
78|Hotel Orientale|Via Maqueda, 26|90134|Palermo|0916165727 - 0916163506|0916161193|prenotazioni@albergoorientale.191.it|http://www.albergoorientale.191.it|||accoglienza|albergo, hotel|1
81|Hotel Libertà|Via Mariano Stabile, 136|90139|Palermo|091321911|091345676||http://www.libertahotel.com|||accoglienza|albergo, hotel|2
84|Hotel Verdi|Via Maqueda, 417|90134|Palermo|091584928|0916116570|info@albergoverdi.it|http://www.albergoverdi.it|||accoglienza|albergo, hotel|2
86|Hotel Rainbow|P.le Ungheria, 84|90144|Palermo|091582867|0916120169|info@hotelrainbow.it|http://www.hotelrainbow.it|||accoglienza|albergo, hotel|2
88|Hotel Madonia|Via Mariano Stabile, 136|90139|Palermo|091333672 - 0916113532|091335364|||||accoglienza|albergo, hotel|2
89|Hotel Florio|Via Principe di Belmonte, 33|90139|Palermo|0916090852|091320247|info@hotelflorio.net|http://www.hotelflorio.info|||accoglienza|albergo, hotel|2
91|Hotel Boston|Via Mariano Stabile, 136|90139|Palermo|091580234||||||accoglienza|albergo, hotel|2
282|Cavour|Via Alessandro Manzoni, 11|90133|Palermo|0916162759|0916162759|albergocavour@virgilio.it|http://www.albergocavour.com|9||accoglienza|albergo, hotel|1
284|Corona|Via Roma, 118|90133|Palermo|0916162340|0916162340|totobenigno@libero.it||11||accoglienza|albergo, hotel|1
286|Sicilia|Via Divisi, 99|90133|Palermo|0916168460|0916163606|info@hotelsiciliapalermo.it|http://www.hotelsiciliapalermo.it|15||accoglienza|albergo, hotel|2
85|Hotel Gardenia|Via Mariano Stabile, 136|90139|Palermo|091333732|091333732|gardeniahotel@gardeniahotel.com|http://www.gardeniahotel.com|||accoglienza|albergo, hotel|2
17|Hotel Serena|Via Mariano Stabile, 139|90139|Palermo|0916115144|091586474 - 0916124145|info@amarcordhotel.it|http://www.amarcordhotel.com|8|Enzo Vena|accoglienza|albergo, hotel|3
28|Conchiglia D'Oro|Viale Cloe, 9|90151|Palermo - Mondello|091450032|091450359|concoro@sicilia.com|http://www.hotelconchigliadoro.com|50|Giovanni Genovese|accoglienza|albergo, hotel|3
32|Grand Hotel Federico II|Via Principe di Granatelli, 60|90139|Palermo|0917495052|0916092500|info@grandhotelfedericoii.it|http://www.grandhotelfedericoii.it|64|Antonio Buscemi|accoglienza|albergo, hotel|4
36|Hotel Del Centro|Via Roma, 72|90133|Palermo|0916170376|0916173654|info@hoteldelcentro.it|http://www.hoteldelcentro.it|||accoglienza|albergo, hotel|3
37|Elite Hotel|Via Mariano Stabile, 136|90139|Palermo|091329318|091588614|info@hotelelite.info|http://www.hotelelitepalermo.it|17|Giordano Silvia|accoglienza|albergo, hotel|3
43|Joli Hotel|Via Michele Amari, 11|90139|Palermo|0916111765|0918323211|info@hoteljoli.com - pietro.silano@hoteljoli.com|http://www.hoteljoli.com|30|Pietro Silano|accoglienza|albergo, hotel|3
52|Idea Hotel|Viale Regione Siciliana, 2620|90145|Palermo|0916983111|091408198|palermo@ideahotel.it - frontoffice.palermo@hotelidea.it|http://www.ideahotel.it|||accoglienza|albergo, hotel|4
53|Nh Jolly Hotel Palermo|Foro Italico, 22|90133|Palermo|0916165090 - 800 017703|0916161441|nhpalermo@nh-hotels.com|http://www.nh-hotels.it|237|Salvatore Patanè|accoglienza|albergo, hotel|4
59|Politeama Palace Hotel|Piazza Ruggiero Settimo, 15|90139|Palermo|091322777|0916111589|posta@hotelpoliteama.it - giovanna.bonsignore@hotelpoliteama.it|http://www.hotelpoliteama.it|||accoglienza|albergo, hotel|4
63|San Paolo Palace Hotel|Via Messina Marine, 91|90123|Palermo|0916211112|0916215300|hotel@sanpaolopalace.it|http://www.sanpaolopalace.it|290|Marcello Pizzuto|accoglienza|albergo, hotel|4
64|Splendid Hotel La Torre|Via Piano Gallo, 11|90151|Palermo - Mondello|091450222 - 800 236118|091450033|latorre@latorre.com|http://www.latorrehotel.it|||accoglienza|albergo, hotel|4
66|Torreata residence Hotel|Via del Bersagliere, 21|90143|Palermo|091540049|091540049|info@torreata.it|http://www.torreata.it|54|Rocca Raineri|accoglienza|albergo, hotel|3
68|Villa d'Amato|Via Messina Marine, 178/180|90121|Palermo|0916212767|0916213057|info@hotelvilladamato.it|http://www.hotelvilladamato.it|37|D'amato|accoglienza|albergo, hotel|3
72|Villa Bonocore Maletto|Via Salvatore Minutilla, 3|90147|Palermo|091244100|091244551|info@villabonocoremaletto.it|http://www.villabonocoremaletto.it|15||accoglienza|albergo, hotel|4
80|Hotel Cortese|Via Scarparelli, 16|90134|Palermo|091331722|091331722|htcortese@iol.it|http://www.hotelcortese.info|||accoglienza|albergo, hotel|2
87|Hotel Gaia|Via Onorato,13|90139|Palermo|091583011|091583011|palermohotelgaia@yahoo.it|http://www.palermohotelgaia.com|||accoglienza|albergo, hotel|2
19|Athenaeum|Via Giannettino, 4|90128|Palermo|0916523529|0916523456|info@albergoathenaeum.it|http://www.albergoathenaeum.it|||accoglienza|albergo, hotel|3
20|Artemisia Palace Hotel|Via Roma, 499|90139|Palermo|0916090612 - 0916095766|0916055766|info@artemisiapalacehotel.it|http://www.artemisiapalacehotel.it|19|Antonio Sorrentino|accoglienza|albergo, hotel|4
27|Centrale Palace Hotel|Corso Vittorio Emanuele, 327|90134|Palermo|091336666 - 800 820080|091334881|centrale@angalahotels.it|http://www.angalahotels.it|104|Elio Barraco|accoglienza|albergo, hotel|5
29|Cristal Palace Hotel|Via Roma, 477|90139|Palermo|0916123829 - 800 822269|091335604|direttore@hotelcristalpalace.it - info@hotelcristalpalace.it|http://www.hotelcristalpalace.net|86|Salvatore Romano|accoglienza|albergo, hotel|4
31|Grand Hotel et Des Palmes|Via Roma, 398|90141|Palermo|0916028111|091331545|des-palmes@amthotels.it|http://www.grandhoteldespalmes.com|183|Giovanni Sapienza|accoglienza|albergo, hotel|4
34|Grand Hotel Wagner|Via R. Wagner, 2|90139|Palermo|091336572|091335627|direzione@grandhotelwagner.it - info@grandhotelwagner.it|http://www.grandhotelwagner.it|61|Roberto Mannino|accoglienza|albergo, hotel|5
39|Hotel Florio Operà|Via Mariano Stabile, 136|90139|Palermo|091662 9004|091612 78 86|booking@hotelflorioopera.it|http://www.hotelflorioopera.it|||accoglienza|albergo, hotel|3
48|Hotel Posta|Via A. Gagini, 77|90133|Palermo|091587338|091587347|info@hotelpostapalermo.it|http://www.hotelpostapalermo.it|30|Alessia Longo|accoglienza|albergo, hotel|3
49|Hotel Tonic|Via Mariano Stabile, 126|90139|Palermo|091581754 - 0916055308|091585560|info@hoteltonic.it|http://www.hoteltonic.it|40|Carmelo Messina|accoglienza|albergo, hotel|3
50|Hotel Vecchio Borgo|Via Quintinio Sella, 1/7|90139|Palermo|0916118330|091326346|vecchioborgo@ghshotels.it - bellavista.m@ghshotels.it|http://www.ghshotels.it/vecchioborgo|32|Lanfranco Rizzo|accoglienza|albergo, hotel|4
15|Addaura Hotel residence Congressi|Lungomare Cristoforo Colombo, 4452|90149|Palermo - Addaura|0916842222|0916842255|director@addaura.it - hotel@addaura.it|http://www.addaura.it|50||accoglienza|albergo, hotel|3
41|Garibaldi Hotel Al Politeama|Via Emerico Amari, 146|90139|Palermo|0916017111|091323141|bellavista.m@ghshotels.it|http://www.ghshotels.it|71|Lanfranco Rizzo Gestione Astoria Palace|accoglienza|albergo, hotel|4
44|Hotel Letizia|Via Bottai, 30|90133|Palermo|091589110|0916122840|ruslet@hotelletizia.com|http://www.hotelletizia.com|13|Letizia Rusignolo|accoglienza|albergo, hotel|3
54|Massimo Plaza Hotel|Via Maqueda, 437|90133|Palermo|091325657|091325711|booking@massimoplazahotel.com|http://www.massimoplazahotel.com|11|Nicola Farruggio|accoglienza|albergo, hotel|4
57|Mondello Palace Hotel|Viale Principe di Scalea,|90151|Palermo - Mondello|091450001|091450657|info@mondellopalacehotel.it|http://www.mondellopalacehotel.it|84|Attilio Cessati|accoglienza|albergo, hotel|4
90|Hotel Sausele|Via Vincenzo Errante, 12|90127|Palermo|0916167524 - 0916161308|0916167525|||||accoglienza|albergo, hotel|2
92|Hotel Concordia|Via Roma, 72|90133|Palermo|0916169062|0916100543|info@hotelconcordiapalermo.it|http://www.hotelconcordiapalermo.it|||accoglienza|albergo, hotel|1
21|Astoria Palace Hotel|Via Monte Pellegrino, 62|90142|Palermo|800 893344 - 0916281111|0916372178|booking@ghshotels.it - astoria@ghshotels.it|http://www.ghshotels.it|326|Lanfranco Rizzo|accoglienza|albergo, hotel|4
30|Excelsior Hilton Palermo|Via Marchese Ugo, 3|90139|Palermo|0917909001|091342139|res.excelsiorpalermo@hilton.com|http://www.excelsior-palermo.com|119|Alessandro Innocenti|accoglienza|albergo, hotel|4
33|Grand Hotel Piazza Borsa|Via dei Cartari, 18|90133|Palermo|091320075 - 0916116700|0916116700|piazzaborsa@piazzaborsa.com|http://www.piazzaborsa.it|127|Mario Monforte|accoglienza|albergo, hotel|4
35|Hotel Columbia Classic|Via del Celso, 31|90134|Palermo|0916113777|0916023052|info@hotelcolumbiapalermo.com|http://www.hotelcolumbiapalermo.com|||accoglienza|albergo, hotel|3
46|Hotel Plaza Opéra|Via N. Gallo, 2|90139|Palermo|0913819026|0913819260|info@hotelplazaopera.com - ivano.ferazzoli@thehotelsphere.com|http://www.hotelplazaopera.com|||accoglienza|albergo, hotel|4
47|Hotel Porta Felice|Via Butera, 35/37|90133|Palermo|0916175678|0916171425|daniela.fusi@hotelportafelice.it - info@hotelportafelice.it|http://www.hotelportafelice.it|||accoglienza|albergo, hotel|4
55|Mediterraneo|Via Rosolino Pilo, 43|90139|Palermo|091581133|091586974|info@hotelmediterraneopa.com - albergomediterraneo@libero.it|http://www.hotelmediterraneopa.com|||accoglienza|albergo, hotel|3
58|Hotel Palazzo Sitano|Corso Vittorio Emanuele, 114|90133|Palermo|0916119880|0916622336|info@hotelpalazzositano.it - booking@palazzositano.it|http://www.palazzositano.it|||accoglienza|albergo, hotel|4
60|Ibis Style|Via F. Crispi, 228|90139|Palermo|091580733|0916111588|president@shr.it - info@presidenthotelpalermo.it|http://www.presidenthotelpalermo.it|129|Michele Scarlato|accoglienza|albergo, hotel|4
67|Ucciardhome Hotel|Via E. Albanese, 34|90139|Palermo|091348426|0917302738|info@hotelucciardhome.com|http://www.hotelucciardhome.it|11|Giovanni Ruisi|accoglienza|albergo, hotel|4
70|Marbela residence|Via Salvatore Puglisi, 9|90143|Palermo|0916241111|0917212222|info@marbelaresidence.com|http://www.marbelaresidence.com||Giovanni Ucciardi|accoglienza|albergo, hotel|3
71|Residenza d'Aragona|Via Ottavio d'Aragona, 25|90139|Palermo|0916622222|0916123592 - 0916622273|info@residenzadaragona.it|http://www.residenzadaragona.it|20||accoglienza|albergo, hotel|4
82|Hotel Regina|Via Vittorio Emanuele, 316|90134|Palermo|0916114216|0916114216|htregina@gmail.com|http://www.hotelregina.it|||accoglienza|albergo, hotel|1
83|Hotel Vittoria|Via Maqueda, 8|90134|Palermo|0916162437|0916162432|albergovittoria@gmail.com|http://www.hotelvittoriapalermo.it|||accoglienza|albergo, hotel|1
16|Best Western Ai Cavalieri|Via Sant'Oliva, 8|90141|Palermo|091583282 - 800 820080|0916126589|info@aicavalierihotel.it - aicavalieri.pa@bestwestern.it|http://www.aicavalierihotel.com|39||accoglienza|albergo, hotel|4
18|Ambasciatori Palermo Hotel|Via Roma, 111|90133|Palermo|0916166881|0916100105|booking@ambasciatorihotelpalermo.com|http://www.ambasciatorihotelpalermo.net|24|Mario Attinasi|accoglienza|albergo, hotel|3
22|Baglio Conca D'Oro|Via Aquino, 19 c/d|90126|Palermo|0916406286 - 0916408710|0916408742|info@baglioconcadoro.it|http://www.hotelbaglioconcadoro.com|||accoglienza|albergo, hotel|4
23|Bel 3 Hotel|Via Ruffo di Calabria, 20|90137|Palermo - Baida|091223560|0916734571|info@bel3.com|http://www.bel3.com|67||accoglienza|albergo, hotel|3
24|Bellevue del Golfo|Via Plauto, 40|90148|Palermo - Sferracavallo|091530083 - 091530618|091530666|hotelbellevue@msn.com|http://www.hotelbellevuepalermo.com|40|Livio Paduano|accoglienza|albergo, hotel|3
26|Casena dei Colli Hotel residence|Via Villa Rosato, 20/22|90146|Palermo|0916889771|0916889779|info@casenadeicolli.it - direzione@casenadeicolli.it|http://www.casenadeicolli.it|93|Giorgio Valdesi|accoglienza|albergo, hotel|3
38|Hotel Europa|Via Agrigento, 3|90141|Palermo|0916256323|0916259209|info@hoteleuropapalermo.it|http://www.hoteleuropapalermo.it|73|Umberto Di Mariano|accoglienza|albergo, hotel|3
42|Giardino Inglese Hotel|Via Libertà, 63|90143|Palermo|0916251295|091300687|hotelgiardinoinglese@resigest.com|http://www.hoteldelgiardinoinglese.com|25|Girolamo Liga|accoglienza|albergo, hotel|4
45|Orleans Hotel|via Monfenera, 106|90128|Palermo|0916688940 - 0916570611|0916456039|info@casamarconi.it|http://www.hotelorleans.it|||accoglienza|albergo, hotel|3
51|Hotel Villa Esperia|Viale Margherita di Savoia, 53|90151|Palermo - Mondello|0916840717|0916841508|info@hotelvillaesperia.it|http://www.hotelvillaesperia.it|22|Vittorio Petruso|accoglienza|albergo, hotel|3
56|Mercure Palermo Centro|Via Mariano Stabile, 112|90139|Palermo|091324911|0916116822|direzione@mercurepa.com - booking@mercurepa.com|http://www.mercure.com|93|Marcello Manca|accoglienza|albergo, hotel|4
61|Principe di Villafranca|Via G. Turrisi Colonna, 4|90141|Palermo|0916118523|091588705|info@principedivillafranca.it|http://www.principedivillafranca.it|||accoglienza|albergo, hotel|4
62|Quinto Canto|Via Vittorio Emanuele, 310|90134|Palermo|091584913|0917574117|info@quintocantohotel.com|http://www.quintocantohotel.com|20|Giovanni Ruisi|accoglienza|albergo, hotel|4
183|Cult'n sea|Via San Sebastiano, 13|90133|Palermo|0915018547||cultnseapalermo@hotmail.com||1||accoglienza|bed and breakfast, B&B|3
187|Della Lungarini|Via T.R.1, 7|90100|Palermo|0917573085||info@lungarini.com|http://www.dellalungarini.com|2||accoglienza|bed and breakfast, B&B|2
190|Dolce dormire|P.zza G. Amendola, 43|90141|Palermo|0915080389||dolcedormirepalermo@hotmail.com|http://www.dolcedormirepalermo.com|3||accoglienza|bed and breakfast, B&B|3
196|Giuspa|Via Valerio Villareale, 28|90141|Palermo|0918889514||giuspa_house@yahoo.com|http://www.b-bgiuspa.com|3|Giuseppina La Manna|accoglienza|bed and breakfast, B&B|2
228|Montereale|C.so Calatafimi, 1096|90131|Palermo|0916688066||mauro64@neomedia.it||2||accoglienza|bed and breakfast, B&B|3
245|Palermo Centro|P.zza Giulio Cesare, 44|90127|Palermo|||info@palermobedandbreakfastcentro.it|http://www.palermobedandbreakfastcentro.it|3||accoglienza|bed and breakfast, B&B|3
246|Palermo Felix|Via Niccolò Machiavelli|90127|Palermo|0912530421||info@bbpalermofelix.com|http://www.bbpalermofelix.com|||accoglienza|bed and breakfast, B&B|3
266|Villa Antonietta|Via Principe di Pantelleria, 12|90146|Palermo|0916884403||info@villantonietta.it|http://www.villantonietta.it|3||accoglienza|bed and breakfast, B&B|2
268|Villa Maurigi|Via Agnetta, 91|90126|Palermo|091331101||a.tioli@tiscali.it|http://www.villamaurigi.it|2||accoglienza|bed and breakfast, B&B|2
269|Villa Partanna|Via Asilo infantile Sella, 24|90151|Palermo - Mondello|0916840509 - 091451610||||2||accoglienza|bed and breakfast, B&B|3
270|White|Via Rosario Gregorio, 36|90123|Palermo|0915506119||info@bbwhite.it|http://www.bbwhite.it|2||accoglienza|bed and breakfast, B&B|3
271|Palermo Mare|Via Torretta, 7|90147|Palermo|0919740078||palermomare@live.it|http://www.palermomare.it|1||accoglienza|bed and breakfast, B&B|3
197|Gli Aristogatti|Via Bari, 18|90133|Palermo|0912736785||info@gliaristogatti.com|http://www.gliaristogatti.com|||accoglienza|bed and breakfast, B&B|3
229|Museo Salinas|Via orologio, 9|90133|Palermo|0917657247||bebmuseosalinas@gmail.com|http://www.beb-museosalinas.it|2||accoglienza|bed and breakfast, B&B|3
232|Nimìa|Via Maqueda, 7|90133|Palermo|0918437223||info@bbnimia.com|http://www.bbnimia.com|3||accoglienza|bed and breakfast, B&B|2
233|Nonna Angela|Via Carini, 25|90138|Palermo|091335042||marigtp@inwind.it||2||accoglienza|bed and breakfast, B&B|3
237|O'Scià|Via Garibaldi, 8|90133|Palermo|0916177950||info@bb-oscia.it|http://www.bb-oscia.it|4||accoglienza|bed and breakfast, B&B|3
267|Villa Artemide|Via Apollo, 4|90151|Palermo - Mondello|091451968||villartemide@virgilio.it|http://www.villartemide.com|3||accoglienza|bed and breakfast, B&B|3
205|Il Mezzanino del Gattopardo|Via Alloro, 145|90133|Palermo|||ilmezz.gattopardo@tiscali.it||1||accoglienza|bed and breakfast, B&B|3
212|La Casa dei Colori|Via Cosmo Guastella, 5|90127|Palermo|0917920084||bblacasadeicolori@libero.it||||accoglienza|bed and breakfast, B&B|2
215|La Casa di Zoe|Via Roma, 171|90133|Palermo|||lacasadizoe@hotmail.it|http://www.lacasadizoe.it|3||accoglienza|bed and breakfast, B&B|3
217|La Galleria|Via Croce Rossa, 118|90146|Palermo|||lagalleriapalermo@gmail.com||||accoglienza|bed and breakfast, B&B|3
219|Le Terrazze|Via P. Novelli, 14|90134|Palermo|0916520866||leterrazze_palermo@yahoo.it|http://www.leterrazzebb.it|||accoglienza|bed and breakfast, B&B|3
223|Maxim|Via Mariano Stabile, 136|90139|Palermo|0919765471||prenotazioni@bbmaxim.it|http://www.bbmaxim.it|5||accoglienza|bed and breakfast, B&B|3
230|Namastè|Via Houel, 30|90138|Palermo|||bbnamaste@libero.it|http://www.namaste.com|3||accoglienza|bed and breakfast, B&B|2
261|Teatro Massimo|Via Orologio, 31|90133|Palermo|0916197653||bbteatromassimo@alice.it|http://www.bedbreakfastpalermo.it|||accoglienza|bed and breakfast, B&B|1
181|Cleopatra|Foro Umberto I|90133|Palermo|0916169638||info@cleopatrabb.it|http://www.cleopatrabb.it|2||accoglienza|bed and breakfast, B&B|3
182|Coffee and the city|Via Mariano Stabile, 37|90139|Palermo|||info@coffeandthecity.it|http://www.coffeandthecity.it|3||accoglienza|bed and breakfast, B&B|3
185|David's Room|Via Roma, 62|90133|Palermo|0916164931||info@bbdavidsroom.com|http://www.bbdavidsroom.com|4||accoglienza|bed and breakfast, B&B|3
208|Jerry House|Via V. Di Marco, 28|90143|Palermo|0915079802||jerryhouse@gmail.com||1||accoglienza|bed and breakfast, B&B|3
210|L'Olivella|Via Bara all'Olivella, 67|90133|Palermo|0916110288||info@olivellabb.it|http://www.olivellabb.it|||accoglienza|bed and breakfast, B&B|3
220|Libertà|Via F. Turati, 5|90139|Palermo|0915075843||info@bedandbreakfastliberta.it|http://www.bedandbreakfastliberta.it|||accoglienza|bed and breakfast, B&B|2
222|Maride|Via Antonello da Messina, 15|90142|Palermo|091530655||mario.cernigliaro@alice.it|http://www.maridehouse.com|3||accoglienza|bed and breakfast, B&B|3
227|Montecarlo|Via Montecarlo, 7|90146|Palermo|0917510622||info@bebmontecarlo.it|http://www.bebmontecarlo.it|2||accoglienza|bed and breakfast, B&B|3
231|Nicadomus|Via Bari, 52|90133|Palermo|0919823666||info@bandbnicadomus.com|http://www.bandbnicadomus.com|3||accoglienza|bed and breakfast, B&B|3
236|Novecento|Via Roma, 62|90133|Palermo|0919761194||info@bed-breakfast-palermo.com|http://www.bed-breakfast-palermo.com|5||accoglienza|bed and breakfast, B&B|3
242|Palazzo Lungarini|Via Lungarini, 60|90133|Palermo|||luna@neomedia.it||2||accoglienza|bed and breakfast, B&B|2
252|Politeama Square|Via E. Amari, 112|90139|Palermo|||prenotazione@politeamasquare.com|http://www.politeamasquare.com|||accoglienza|bed and breakfast, B&B|3
253|Rosella Bianchi|Via Roma, 72|90133|Palermo|0916171098||rosella_bianchi@libero.it|http://www.rosellabianchibb.com|||accoglienza|bed and breakfast, B&B|2
256|Scala Reale|Via D'Ossuna, 85|90138|Palermo|0917833185||bbscalareale@gmail.com||2||accoglienza|bed and breakfast, B&B|3
257|Seralcadio|Via Bari, 7|90133|Palermo|||info@seralcadio.com|http://www.seralcadio.com|3||accoglienza|bed and breakfast, B&B|2
259|Simpaty|Via Piano Gallo, 12/14|90151|Palermo - Mondello|0916893850||simpatycamere@libero.it|http://www.simpatymondello.com|3||accoglienza|bed and breakfast, B&B|3
265|Villa Addaura|Lungomare Cristoforo Colombo, 1931|90142|Palermo - Addaura|0916849031||info@villa-addaura.com|http://www.villa-addaura.com|3||accoglienza|bed and breakfast, B&B|2
287|Giugagiò|Via Bandiera, 77|90133|Palermo|||info@giugagio.it|http://www.giugagio.it|||accoglienza|bed and breakfast, B&B|3
177|Casacatti|Via Volontari Italiani del Sangue, 10|90128|Palermo|||casacatti@libero.it||3||accoglienza|bed and breakfast, B&B|2
178|Casetta Manfredi|Via Spezio, 41|90139|Palermo|0912514948||info@casettamanfredi.com|http://www.casettamanfredi.com|4||accoglienza|bed and breakfast, B&B|3
179|Castiglia|Via Gorizia, 8|90133|Palermo|0916172341||bb.castiglia@gmail.com|http://www.bbcastiglia.it|5||accoglienza|bed and breakfast, B&B|3
180|Cavour Il Conte Camillo|Via Cavour, 32|90133|Palermo|0916124377||chiara.cannizzaro@hotmail.it|http://www.bbpalermo.it|3|Chiara Castiglia|accoglienza|bed and breakfast, B&B|3
184|D'Angelo|Via Roma, 83|90133|Palermo|0917847302||info@bedbreakfastdangelo.com|http://www.bedbreakfastdangelo.com|4||accoglienza|bed and breakfast, B&B|2
186|De Salinas|Via E. Amari, 140|90139|Palermo|0915507737||info@desalinas.com|http://www.desalinas.com|||accoglienza|bed and breakfast, B&B|2
192|Felice|Via B. Civiletti, 4|90141|Palermo|091320612||info@bbfelice.it|http://www.bbfelice.it|3|Simona Faldetta|accoglienza|bed and breakfast, B&B|3
194|Giardini|Via Maggiore Toselli, 26|90143|Palermo|0919825886||mvalente44@yahoo.it||2||accoglienza|bed and breakfast, B&B|3
199|I Cavalieri di Malta|Largo Cavalieri di Malta, 6|90133|Palermo|||info@icavalieridimalta.it|http://www.icavalieridimalta.it|||accoglienza|bed and breakfast, B&B|3
201|Il giardino di Ballarò|Via Porta di Castro, 75|90134|Palermo|091212215||ilgiardinodiballaro@gmail.com|http://www.ilgiardinodiballaro.it|5||accoglienza|bed and breakfast, B&B|3
206|Il Principe|Via Principe di Scordia, 126|90139|Palermo|0917841010||info@bebilprincipe.com|http://www.bebilprincipe.com|4||accoglienza|bed and breakfast, B&B|2
207|In Villa|Viale delle Sirene, 30|90149|Palermo|091450811||invillabb@yahoo.it|http://www.invillabbmondello.splinder.com|2||accoglienza|bed and breakfast, B&B|3
214|La Casa dei Limoni|P. zza Giulio Cesare, 9|90127|Palermo|0916176297||info@lacasadeilimoni.it|http://www.lacasadeilimoni.it|4||accoglienza|bed and breakfast, B&B|2
216|La Fuitina|Via Garraffello, 6|90133|Palermo|0919766501||info@fuitina.com|http://www.fuitina.com|3||accoglienza|bed and breakfast, B&B|1
218|Le Tartarughe|Via XX settembre, 70|90141|Palermo|0916252338||mabalsano@libero.it||3||accoglienza|bed and breakfast, B&B|3
221|Malusi|Via del manderino, 3|90147|Palermo|||info@malusi.it|http://www.malusi.it|2||accoglienza|bed and breakfast, B&B|3
224|Mediterraneo B&B|Via Ten. G. Ingrao, 2|90138|Palermo|0917574886||info@bedmediterraneo.it|http://www.bedmediterraneo.it|1||accoglienza|bed and breakfast, B&B|3
225|Miramar|P.zza Acquasanta, 12|90142|Palermo|091549338||helgaomodei@libero.it||2||accoglienza|bed and breakfast, B&B|2
234|Notarbartolo|Via Notarbartolo, 35|90141|Palermo|0917308333||info@notarbartolo.com|http://www.bed-and-breakfast-palermo.it|3||accoglienza|bed and breakfast, B&B|3
235|Notti Magiche|Via B. Gravina, 59|90139|Palermo|091589714||info@bbnottimagiche.com|http://www.bbnottimagiche.com|2||accoglienza|bed and breakfast, B&B|2
243|Palazzo Reale|Via Cappuccini, 9|90129|Palermo|091424045||sistina1984@hotmail.com|http://www.palazzoreale.it|3||accoglienza|bed and breakfast, B&B|3
263|Ulisse|Via Cefalonia, 26|90129|Palermo|0912531742||bbulisse@tiscali.it||||accoglienza|bed and breakfast, B&B|1
202|Il girasole|Via Pazienza 33/a|90151|Palermo - Mondello|0918884225||bbilgirasole@hotmail.it||4||accoglienza|bed and breakfast, B&B|3
241|Palazzo Filangeri|Via Maqueda, 92|90133|Palermo|0916166766||luigimendola@palazzofilangeri.it|http://www.palazzofilangeri.it|1||accoglienza|bed and breakfast, B&B|3
247|Palikè|Via E. Amari, 140|90139|Palermo|091586795||info@bbpalike.it|http://www.bbpalike.it|3||accoglienza|bed and breakfast, B&B|3
249|People|Via Cosmo Guastella, 1|90127|Palermo|0915085830||prenotazioni.people@facebook.com|http://www.facebook.com/people.palermo|3||accoglienza|bed and breakfast, B&B|2
250|Pomelia|Via Saffo, 23|90151|Palermo - Mondello|||info@pomelia.com|http://www.pomelia.com|1||accoglienza|bed and breakfast, B&B|1
251|Porta di Castro|Via Porta di Castro, 23|90134|Palermo|||bebportadicastro@gmail.com||1||accoglienza|bed and breakfast, B&B|1
255|San Gabriele|Via alloro, 107|90133|Palermo|0912525476||info@bebsangabriele.com|http://www.bebsangabriele.com|1||accoglienza|bed and breakfast, B&B|3
258|Sikelia|Via Sant'Antonio, 6|90134|Palermo|||voccamarco@hotmail.it|http://www.sikeliabb.it|3||accoglienza|bed and breakfast, B&B|3
260|Sole Luna della solidarietà|Via V. Riolo, 7|90139|Palermo|091581671||info@solelunabedandbreakfast.org|http://www.solelunabedandbreakfast.org|3||accoglienza|bed and breakfast, B&B|3
262|The Garden|Via Sferracavallo, 236|90147|Palermo - Sferracavallo|091530036||info@bbalterrazzo.it|http://www.bbalterrazzo.com|2||accoglienza|bed and breakfast, B&B|3
204|Il Golfo|Via Dammuso, 88|90147|Palermo|||martafavaloro@libero.it|http://www.il-golfo.com|3|Marta Favaloro|accoglienza|bed and breakfast, B&B|3
209|Kemonia|Via Nicolò Turrisi, 38/b|90138|Palermo|348371586||info@kemonia.com|http://www.kemonia.com|||accoglienza|bed and breakfast, B&B|2
211|La Bella Vita|Via Principe di Belmonte, 90|90139|Palermo|0918434989||bblabellavita@hotmail.com|http://www.bblabellavita.it|4||accoglienza|bed and breakfast, B&B|3
226|Mondello Villa Alberoni|Viale Regina Elena, 1/c|90151|Palermo|0916847867||info@bbmondello.com|http://www.bbmondello.com|4||accoglienza|bed and breakfast, B&B|3
238|Oreto Centro|Via Oreto, 29|90127|Palermo|0916572772||info@bboretocentro.it|http://www.bboretocentro.it|2||accoglienza|bed and breakfast, B&B|3
239|Palazzo Amari Bajardi|Via San Cristoforo, 15|90133|Palermo|0916162017||info@palazzoamaribajardi.it|http://www.palazzoamaribajardi.it|2||accoglienza|bed and breakfast, B&B|3
240|Palazzo Caputo|Via Roma, 97|90133|Palermo|0916175818||||3||accoglienza|bed and breakfast, B&B|3
244|Palermo Art|Via Cavour, 32|90133|Palermo|0916110009||info@bbpalermoart.com|http://www.bbpalermoart.it|||accoglienza|bed and breakfast, B&B|3
248|Panormus|Via Roma, 72|90133|Palermo|0916175826||info@bbpanormus.com|http://www.bbpanormus.com|||accoglienza|bed and breakfast, B&B|3
254|San Francesco|Via Merlo, 30|90133|Palermo|0918888391 - 0918430810||info@sanfrancescopalermo.it|http://www.sanfrancescopalermo.it|3||accoglienza|bed and breakfast, B&B|3
264|Vado al Massimo|Via Donizetti, 19|90134|Palermo|0915085851||bbvadoalmassimo@hotmail.com|http://www.vadoalmassimo.com|3||accoglienza|bed and breakfast, B&B|3
188|Delle Vittorie|Via Bari, 52|90133|Palermo|||info@bbdellevittorie.it|http://www.bbdellevittorie.it|4||accoglienza|bed and breakfast, B&B|3
189|Dietro il Politeama|Via G. Di Giovanni, 14|90139|Palermo|091327640||info@dietroilpoliteama.it|http://www.dietroilpoliteama.it|||accoglienza|bed and breakfast, B&B|3
191|Eureka|Via A. Narbone, 66|90138|Palermo|0917791867||info@eurekabeb.com|http://www.eurekabeb.com|||accoglienza|bed and breakfast, B&B|2
193|Fumbi|Via Arimondi, 48|90143|Palermo|0917848925||info@fumbi.com|http://www.fumbi.com|4|Giorgio Marchella|accoglienza|bed and breakfast, B&B|2
195|Giorgio's House|Via A. Mongitore, 11 b|90134|Palermo|091525057||sugi@libero.it||3||accoglienza|bed and breakfast, B&B|2
198|Houel 30|Via Houel, 30|90138|Palermo|0915077159||p.scaccianoce@tin.it|http://www.houel30.com|||accoglienza|bed and breakfast, B&B|3
200|Il banano|Via Stesicoro, 3|90151|Palermo - Mondello|091455926||info@ilbanano.com|http://www.ilbanano.com|2||accoglienza|bed and breakfast, B&B|2
203|Il Glicine sul Golfo|Via Saffo, 4|90151|Palermo - Mondello|091453260||mondello@ilglicine.net|http://www.sicily-accomodation.com|1||accoglienza|bed and breakfast, B&B|3
130|4 Quarti|Corso Vittorio Emanuele, 376|90134|Palermo|091583687||info@quattroquarti.it|http://www.quattroquarti.it|4|Simona Arnone Di Valentino|accoglienza|bed and breakfast, B&B|3
132|A casa di Giù|Via Simone Corleo, 7|90124|Palermo|091586455 - 3358428892||info@acasadigiu.com|http://www.acasadigiu.com|1|Giuseppe Jaforte|accoglienza|bed and breakfast, B&B|3
133|A casa di Momò|Via Lincoln, 81|90133|Palermo|||gandolfosausa@virgilio.it||3||accoglienza|bed and breakfast, B&B|3
135|Abalì Gran Sultanato|Via S. Agostino, 5|90134|Palermo|||sultano.abali@gmail.com|http://www.abali.it|4||accoglienza|bed and breakfast, B&B|3
136|Abatellis Luxury|Via Alloro, 3|90133|Palermo|0916169858||abatellisluxury@virgilio.it|http://www.abatellisluxury.it|3||accoglienza|bed and breakfast, B&B|3
137|Afea|Via Principe di Belmonte, 25|90139|Palermo|0919768392||info@bbafea.it|http://www.bbafea.it|5||accoglienza|bed and breakfast, B&B|3
139|Agramante|Via Terrasanta, 82|90141|Palermo|091347417||amministrazione@bbagramante.it|http://www.bbagramante.it|5||accoglienza|bed and breakfast, B&B|3
141|Ai Girasoli|Via Mariano Stabile, 200|90141|Palermo|0917846949||info@aigirasoli.com|http://www.aigirasoli.weebly.com|4|Giuseppe Marino|accoglienza|bed and breakfast, B&B|2
142|Ai Normanni|Via Cappuccini|90129|Palermo|||info@ainormanni.it|http://www.ainormanni.it|3||accoglienza|bed and breakfast, B&B|3
143|Al 316|Corso Vittorio Emanuele 316|90134|Palermo|0919763595||beb-centrale316@hotmail.it|http://www.316-beb.com|5|Fabrizio Farana|accoglienza|bed and breakfast, B&B|3
144|Al civico 10|Via Ernesto Tricomi, 10|90127|Palermo|||alcivico10@hotmail.it|http://www.alcivico10.it|3||accoglienza|bed and breakfast, B&B|2
153|Alla Vucciria|Via Coltellieri, 46|90133|Palermo|0912511184||info@allavucciria.com|http://www.allavucciria.com|4|Claudio Cutrona|accoglienza|bed and breakfast, B&B|1
157|Antonella|Via O. Antinori, 33|90138|Palermo|091320125||infobox@antonellaoddo.com|http://www.antonellaoddo.com|2|Antonella Oddo|accoglienza|bed and breakfast, B&B|2
159|Art Lincoln|Via Lincoln, 161|90133|Palermo|0916177715||info@bedandbreakfastpalermoart.com|http://www.bedandbreakfast-palermoart.com|||accoglienza|bed and breakfast, B&B|3
161|Atlante|Via Generale Luigi Cadorna, 5|90134|Palermo|091214777||info@bbatlante.com|http://www.bedandbreakfastatlante.com|2|Emilio Aiovalasit|accoglienza|bed and breakfast, B&B|2
162|Atlantide|Via Piccola del Teatro Santa Cecilia, 5|90133|Palermo|0916161956||bbatlantide@gmail.com|http://www.bbatlantide.com|3||accoglienza|bed and breakfast, B&B|2
163|Attarin|Via Lattarini Grande, 17|90133|Palermo|0915089696||bebattarin@gmail.com|http://www.bebattarin.com|1||accoglienza|bed and breakfast, B&B|3
164|Attic 12|Via Autonomia Siciliana, 51|90143|Palermo|091342666||francescomorra2@tin.it|http://www.wix.com/attic12/attic-12|1||accoglienza|bed and breakfast, B&B|3
165|Az-Zahar|Via del bersagliere, 30|90143|Palermo|||info@az-zahar.it|http://www.az-zahar.it|2|Francesca Amenta|accoglienza|bed and breakfast, B&B|2
166|B&B Florio|Via Mazzini, 49|90139|Palermo|||info@bbflorio.it|http://www.bbflorio.it|4||accoglienza|bed and breakfast, B&B|3
167|Baglio Judica|Cortile del Secco Judica, 3|90134|Palermo|||info@bagliojudica.it|http://www.bagliojudica.it|4||accoglienza|bed and breakfast, B&B|3
168|Balarm|Via Gagini, 70|90133|Palermo|0915081575||info@balarm-bb.it|http://www.balarm-bb.it|2||accoglienza|bed and breakfast, B&B|3
169|Benfratelli|Via Ignazio Gioè, 13|90146|Palermo|0916887232 - 0917542959||info@benfratellibb.it|http://www.benfratellibb.it|3||accoglienza|bed and breakfast, B&B|3
170|Carmelita|Via Sampolo, 47|90143|Palermo|0916253681||bnbcarmelita@libero.it||||accoglienza|bed and breakfast, B&B|3
171|Casa Acquarello|Via Orfeo, 9/11|90149|Palermo|091451763||info@casacquarello.it||3||accoglienza|bed and breakfast, B&B|2
172|Casa c'un Pari|Via E. Restivo, 95|90144|Palermo|0912523375||casacunpari@hotmail.com|http://www.casacunpari.com|||accoglienza|bed and breakfast, B&B|3
173|Casa Carlotta|Via XX Settembre, 14|90141|Palermo|0916118305||carlottanodice@hotmail.it||1||accoglienza|bed and breakfast, B&B|1
174|Casa Mediterraneo|Via V. Di Marco, 45|90143|Palermo|09162548894||info@casamediterraneo.it|http://www.casamediterraneo.it|1||accoglienza|bed and breakfast, B&B|1
175|Casa degli Artisti|Via Lincoln, 101|90133|Palermo|0917840398||info@casaartisti.it|http://www.casaartisti.it|||accoglienza|bed and breakfast, B&B|3
176|Casa e Putia|Via Belgio, 2|90146|Palermo|091517890||casaeputia@gmail.com||4||accoglienza|bed and breakfast, B&B|3
12|Ai Vicerè|Via Pignatelli Aragona, 82|90141|Palermo|0915073915||info@aivicere.com|http://www.bedandbreakfast-palermo.com||Luca Lepre|accoglienza|bed and breakfast, B&B|3
129|120 Rodionoff|Via Sciuti, 120|90144|Palermo|0916250535||bb.rodionoff@gmail.com|http://www.bb-rodionoff.com|||accoglienza|bed and breakfast, B&B|3
131|A casa di amici|Via Volturno, 6|90138|Palermo|091584884||info@acasadiamici.com|http://www.acasadiamici.com|||accoglienza|bed and breakfast, B&B|2
134|Abaco|Via Divisi, 49|90133|Palermo|0917843227||aiovalasit@libero.it|http://www.abacoroom.it|2|Fabio Aiovalasit|accoglienza|bed and breakfast, B&B|2
138|Agata|Via Roma, 188|90133|Palermo|0916116581||zephir11475@yahoo.it|http://www.bbagata.it|3||accoglienza|bed and breakfast, B&B|3
140|Ai Cartari|Via Alessandro Paternostro, 62|90133|Palermo|0916116372||rosiloria@tiscali.it|http://www.aicartari.it|1|Rosi Loria|accoglienza|bed and breakfast, B&B|3
145|Al Galileo Siciliano|Via Giovan Battista Odierna, 40|90127|Palermo|0916163031||info@algalileosiciliano.it|http://www.algalileosiciliano.it|5|Giovanni Medico|accoglienza|bed and breakfast, B&B|3
146|Al Giardino dell'Alloro|Vicolo S. Carlo, 8|90133|Palermo|0916176904||info@giardinodellalloro.it|http://www.giardinodellalloro.it|4|Donatella Petronio|accoglienza|bed and breakfast, B&B|3
147|Al Terrazzo Fiorito|Cortile Rizzuto, 1|90147|Palermo - Sferracavallo|091530036||info@bbalterrazzo.it|http://www.bbalterrazzo.it|||accoglienza|bed and breakfast, B&B|2
148|Al Tribunale|Corso Alberto Amedeo, 190|90138|Palermo|0917846660||altribunale@gmail.com|http://www.altribunale.com||Matteo Ciriminna|accoglienza|bed and breakfast, B&B|3
149|Al Viandante|Via Dante, 54|90141|Palermo|||info@alviandante.com|http://www.alviandante.com|3|Lorenza Di Dio|accoglienza|bed and breakfast, B&B|2
150|Alemar|Viale Principe di Scalea, 52|90151|Palermo|0916254349 - 091451484||||3||accoglienza|bed and breakfast, B&B|2
151|Alla Falconara|Via dei Francescani, 6|90136|Palermo|0916730867||rinopi1@alice.it||3||accoglienza|bed and breakfast, B&B|3
152|Alla Martorana|Via Roma, 171|90133|Palermo|0917842578||info@allamartorana.it|http://www.allamartorana.it|4||accoglienza|bed and breakfast, B&B|3
154|Alvorada|Vicolo Catalano, 31|90134|Palermo|091320644||alvorada@live.it||5|Adriano Ribeiro|accoglienza|bed and breakfast, B&B|3
155|Amari 58|Via Emerico Amari, 58|90139|Palermo|||info@bbamari58palermo.it|http://www.bbamari58palermo.it|||accoglienza|bed and breakfast, B&B|3
156|Amelie|Via Principe di Belmonte, 94|90139|Palermo|091335920||info@bb-amelie.it|http://www.bb-amelie.it|||accoglienza|bed and breakfast, B&B|3
158|Arbaria|Via Giuseppe Lo Casto, 4|90142|Palermo - Addaura|09154284||arbaria@gmail.com|http://www.arbariabnb.it|2||accoglienza|bed and breakfast, B&B|3
160|Arte Palermo|Vicolo Madonna del Cassaro, 7|90133|Palermo|091325780||marjolein_wortmann@hotmail.com|http://www.palermo-bed-and-breakfast.com|||accoglienza|bed and breakfast, B&B|1
280|Porta di Castro 2|Via Porta di Castro, 223|90134|Palermo|0917025564|0918771577|bebportadicastro@gmail.com|http://www.bebportadicastro.it|6||accoglienza|casa vacanze|1
279|Porta Carini|via Giovanbattista Pagano, 3|90134|Palermo|3476854034|091584980|portacarinivacanze@libero.it|http://www.casavacanzeportacarini.it|8||accoglienza|casa vacanze|1
277|Palazzo Gallo|via F.sco Guardione 77|90139|Palermo|091328309|091323563|info@palazzogallo.com|http://www.palazzogallo.com|9||accoglienza|casa vacanze|1
276|Ex Locanda Termini|Via Alessandro Paternostro, 16|90133|Palermo|0916172748|0917817486|exlocandatermini@libero.it|http://www.exlocandatermini.it|3||accoglienza|casa vacanze|1
281|Villa Cacace|Via Armida, 5|90129|Palermo|||fabricacace@tiscali.it||13||accoglienza|casa vacanze|1
278|Palazzo Prestipino|Via San Nicolò all'Alberghieria, 4|90134|Palermo|0916101172||info@palazzoprestipino.it|http://www.palazzoprestipino.it|||accoglienza|casa vacanze|1
275|Casa Orioles per vacanze|Via alla piazza dei Tedeschi, 4|90134|Palermo|0916526890||contact@casaorioles.it|http://www.casaorioles.it|||accoglienza|casa vacanze|1
274|Alla Marina di Villa Igiea|Cortile Trapani, 7-8-9|90142|Palermo|0916851557|0916850224|postmaster@bagliodicalabruca.it|http://www.bagliodicalabruca.it|||accoglienza|casa vacanze|1
111|Casa Orioles|Via alla piazza dei Tedeschi, 4|90134|Palermo|0916526890||contact@casaorioles.it|http://www.casaorioles.it|3||accoglienza|affittacamere|2
128|Touristhouse Mondello|Via Gallo, 31|90151|Palermo - Mondello|0916841275||mondellobaglio@libero.it|http://www.mondellobaglio.com|4|Giosuè Corrao|accoglienza|affittacamere|1
127|Tonnara Bordonaro|Via Bordonaro, 9|90146|Palermo|0916372267||info@kursaalsrl.it - booking@kursaalsrl.it|http://www.kursaaltonnara.it|4|Alberto Coppola|accoglienza|affittacamere|1
126|Sky Sleeping|Corso Finocchiaro Aprile, 140|90138|Palermo|0916113581||booking@skysleeping.com|http://www.skysleeping.com|||accoglienza|affittacamere|3
125|Seven Rooms|Via Montalbo, 241|90142|Palermo|091361696||info@sevenrooms.it|http://www.sevenrooms.it/web/index_en.html|6|Sebastiano Quartararo|accoglienza|affittacamere|2
124|Roma Street|Via Roma, 118|90133|Palermo|0917920209||ctbpalermo@libero.it||6||accoglienza|affittacamere|1
123|Residenza Wagner|Via Riccardo Wagner, 8|90139|Palermo|0919824479||info@residenzawagner.com|http://www.residenzawagner.com|6||accoglienza|affittacamere|3
122|Palazzo Savona|Via Schioppettieri, 8|90133|Palermo|0916114731||info@palazzosavona.com|http://www.palazzosavona.com|6||accoglienza|affittacamere|2
121|Palazzo Pantaleo|Via Ruggero Settimo, 74 H|90141|Palermo|091325471|0917815608|info@palazzopantaleo.it|http://www.palazzopantaleo.it|6||accoglienza|affittacamere|3
120|Operà|Via Principe di Belmonte, 102|90139|Palermo|0919825946||valenti100@libero.it|http://www.bedandbreakfastopera.com|6|Marco Valenti|accoglienza|affittacamere|3
119|Mondello Rooms|Via Gallo, 31|90151|Palermo - Mondello|0916841275||mondellobaglio@libero.it|http://www.mondellobaglio.com|4|Giosuè Corrao|accoglienza|affittacamere|1
118|Maison Landolina|Via Rocco Pirri, 12|90123|Palermo|0916169936||info@dimorannulina.it|http://www.maisonlandolina.it|5||accoglienza|affittacamere|3
117|La Locanda del Gagini|Via Gagini, 111|90133|Palermo|091333878||info@lalocandadelgagini.it|http://www.lalocandadelgagini.it|3||accoglienza|affittacamere|3
115|Dimora Annulina|Via Rocco Pirri, 12|90123|Palermo|0916169936 - 330696732||info@dimorannulina.it||6||accoglienza|affittacamere|3
114|Cortile Palermo|Cortile Corrao, 2|90138|Palermo|091589084||cortilepalermo@virgilio.it|http://www.cortilepalermo.it|4||accoglienza|affittacamere|3
109|Alla Kala|Corso Vittorio Emanuele, 71|90133|Palermo|0917434763||info@allakala.it|http://www.allakala.it|5|Maria Giambruno|accoglienza|affittacamere|3
14|A casa di amici 2|Via Tunisi, 8|90138|Palermo|091584884|091584884|santo@acasadiamici.com - info@acasadiamici.com|http://www.acasadiamici.com|6|Claudia Vitale|accoglienza|affittacamere|2
13|10 Serpotta|Via Riolo, 10|90139|Palermo|091324823|091324823|info@bb10serpotta.com|http://www.bb10serpotta.com|6||accoglienza|affittacamere|3
116|Kalamarina|Via Bottai, 9|90133|Palermo|0915609520||info@lacambusa.it||4||accoglienza|affittacamere|3
113|Centro Storico|Vicolo San Carlo, 8|90133|Palermo|0916176904||info@giardinodellalloro.it|http://www.giardinodellalloro.it||Donatella Petronio|accoglienza|affittacamere|2
112|Casa Riccio|Via Giacomo Cusmano, 28|90141|Palermo|091300768|0915085694|casariccio@aruba.it|http://www.casariccio.com|||accoglienza|affittacamere|3
108|Al Baglio|Via Gallo, 19|90151|Palermo - Mondello|0916841275||mondellobaglio@libero.it|http://www.mondellobaglio.com|3|Giosuè Corrao|accoglienza|affittacamere|1
110|B. 22 Palazzo Pantelleria|Via Pantelleria, 22|90133|Palermo|091326214||info@bb22.it|http://www.bb22.it|||accoglienza|affittacamere|3
104|Casa Marconi|Via Monfenera, 140|90128|Palermo|0916570611||info@casamarconi.it|http://www.casamarconi.it|||accoglienza|ostello|1
103|Baia del Corallo|Via Plauto, 27|90147|Palermo - Sferracavallo|0916797807||arg.sicilia@aighostels.com|http://www.ostellopalermo.it|23||accoglienza|ostello|1
289|Figlie di Sant'Anna|Via D'Ossuna, 110|90138|Palermo|0916516678 - 0916512700||||7||accoglienza|casa ferie|1
288|Centro Francescano di spiritualità S. Giovanni Battista|Via al Convento di Baida, 43|90136|Palermo - Baida|091223595||cfsbaida@ofmsicilia.it|http://www.ofmsicilia.it|43||accoglienza|casa ferie|1
290|Maria Immacolata|Corso Re Ruggero, 2|90134|Palermo|091590227||istitutoi@alice.it||||accoglienza|casa ferie|1
95|Orleans|via Monfenera, 106|90128|Palermo|0916688940||info@hotelorleans.it||||accoglienza|residence|3
102|Torreata residence Hotel|Via del Bersagliere, 21|90143|Palermo|091540049||info@torreata.it|http://www.torreata.it|||accoglienza|residence|3
101|Residenza d'Aragona|Via Ottavio d'Aragona, 23/29|90139|Palermo|0916622222||info@residenzadaragona.it|http://www.residenzadaragona.it|||accoglienza|residence|4
94|Nuvole Residenza ai Quattro Canti|Via del Celso, 14|90134|Palermo|0917831299||info@nuvoleresidenza.it|http://www.nuvoleresidenza.it|||accoglienza|residence|3
93|La Marsa Vacances|Lungomare Cristoforo Colombo, 4765|90149|Palermo - Addaura|0916841346 - 091455193||info@lamarsa.it|http://www.lamarsa.it|||accoglienza|residence|4
97|residence Ambasciatori|Via Roma, 111|90133|Palermo|0916166881||booking@ambasciatorihotelpalermo.com|http://www.ambasciatorihotelpalermo.com|||accoglienza|residence|3
96|Palazzo Brunaccini|P.zzetta Lucrezia Brunaccini|90134|Palermo|091586904||booking@palazzobrunaccini.it||||accoglienza|residence|4
99|Marbela residence|Via Salvatore Puglisi, 9|90143|Palermo|0916241111 - 0917212111||info@marbelaresidence.com|http://www.marbelaresidence.com|||accoglienza|residence|3
100|Addaura Hotel residence Congressi|Lungomare Cristoforo Colombo, 4452|90149|Palermo|0916842222|0916842255|hotel@addaura.it|http://www.addaura.it|50||accoglienza|residence|3
