id,nome,indirizzo,cap,citta,telefono,fax,mobile,email,web,tipi,tipi-specifici,agenzia.intestazione
10,I Colori del Mondo,"Via Leonardo Da Vinci, 32",90145,Palermo,0919768143,0919768145,,icoloridelmondo@pinguinoviaggi.net,,agenzia di viaggi,,DA.NI.MA s.a.s di Lo Cascio Nicoletta & C.
26,Kinos Viaggi,"Via Sampolo, 73",90143,Palermo,091307036,091309624,,info@kinosviaggi.com,www.kinosviaggi.com,agenzia di viaggi,,Capricorno '75 S.n.c.
30,L & T viaggi,"Corso delle Province, 149",90128,Palermo,0952880709,0952880709,,ltviaggi@hotmail.it,,agenzia di viaggi,,L & T srl
35,Ausonia Viaggi,"Via Gaetano Daita, 66",90139,Palermo,091/585555,091320578,,info@ausoniaviaggi.it,www.ausoniaviaggi.it,agenzia di viaggi,,Ausoniaviaggi S.r.l.
40,Manfre' Viaggi,"Via Empedocle Restivo, 34/36",90144,Palermo,091525442,091525451,,manfreviaggi@tin.it,www.manfreviaggi.it,agenzia di viaggi,,Manfre' Viaggi S.r.l.
46,Borneo Viaggi,"Via G. Pipitone Federico, 33",90144,Palermo,091/7302746,091/7826559,,borneoviaggi@hotmail.it,www.borneoviaggi.it,agenzia di viaggi,,Borneo Viaggi di Tuttoilmondo Stefania
55,Montalto Viaggi,"Via Vincenzo Di Marco, 5/A",90143,Palermo,0915084407,09150844407,,montaltoadv@libero.it,,agenzia di viaggi,,
58,Noema Viaggi,"Via Gioacchino Di Marzo, 13",90144,Palermo,091300675,091302531,,info@noemaviaggi.it,www.noemaviaggi.it,agenzia di viaggi,,Noema Viaggi S.r.l.
72,Cocciola Viaggi,"Via Ausonia, 116",90146,Palermo,091/528322,091/521887,,info@cocciolaviaggi.it,www.cocciolaviaggi.it,agenzia di viaggi,,Alemarviaggi S.r.l.
80,Costa delle Mimose,"Viale Regione Siciliana Nord Ovest, 9939",90147,Palermo,091/6910644,091/7481898,,costaantonella1973@gmail.com,www.costadellemimose.it,agenzia di viaggi,,Costa delle Mimose S.r.l.
93,SLG Travel,"Via Montalbo, 1/e",90142,Palermo,0916371872,0916311686,,info@slgtravel.it,,agenzia di viaggi,,SLG Travel di Bova Maria Grazia
107,Esedra Viaggi,"Via Trapani, 12/14/16",90141,Palermo,091/323435,091/326919,,info@esedraviaggi.com,www.esedraviaggi.com,agenzia di viaggi,,Esedra viaggi S.r.l.
108,Tatamaro Viaggi,"Via Pietro Scaglione, 6",90145,Palermo,0916851311,0916851008,,tatamaroviaggi@hotmail.it,www.tatamaroviaggi.it,agenzia di viaggi,,Tatamaro Viaggi di Ivan Vitrano
110,Tour and Travelling,"Via Messina, 7/a",90141,Palermo,091331841,0916123403,,info@tourandtravelling.it,www.weddingtosicily.com,agenzia di viaggi,,Mondi e Culture Viaggi e Turismo s.n.c.
114,Fevi Tour,"Via Briuccia, 84",90146,Palermo,091/512649,091514734,,info@fevitour.it,www.fevitour.it,agenzia di viaggi,,Briuccia Travel By Fevi Tour di Pietro Catalano
116,Flamb?? Tour,"Via Nicol?? Garzilli, 38/a",90141,Palermo,091/6254321,091/348517,,info@flambotour.it,www.flambotour.it,agenzia di viaggi,,Flamb?? Tour S.r.l.
117,Travel Sicily,"Largo Trinacria, 20",90144,Palermo,091331865,091326286,,promotour@libero.it,,agenzia di viaggi,,Promotour s.r.l.
120,Furlan Viaggi,"Via Dante, 56/c",90141,Palermo,091/6118483,091/326896,,furlanviaggi@hotmail.it,www.sicilysi.it,agenzia di viaggi,,Dante Viaggi S.a.s.
136,Virtus Viaggi e Turismo,"Via Maqueda, 260",90134,Palermo,0916014515,0913809893,,virtusviaggi@libero.it,www.virtusviaggi.it,agenzia di viaggi,,Virtus Viaggi e Turismo s.n.c.
138,World Of Tui,"Piazza Giovanni Amendola, 15",90141,Palermo,0916121276,0916093124,,palermo1@tui.it,www.tui.it,agenzia di viaggi,,Easy Market S.p.A.
8,Guccione Viaggi,"Via Ammiraglio Gravina, 80",90139,Palermo,091581146,091324808,,mail@guccioneviaggi.it,www.guccioneviaggi.it,agenzia di viaggi,,
17,Air Antoloving Viaggi e Vacanze,"Via Maqueda, 231",90133,Palermo,091/6118599,091/6121472,,antoloving@gmail.com,www.antoloving.com,agenzia di viaggi,,Air Antoloving Viaggi e Vacanze di Hossain Mamun
9,Aeroviaggi,"Via XII gennaio, 1/c",90141,Palermo,091/333370,091/584194,,succursale@aeroviaggi.it,www.aeroviaggi.it,agenzia di viaggi,,Aeroviaggi S.p.A.
25,Kalesa Viaggi,"Corso Calatafimi, 801",90129,Palermo,0916572262,0916572263,,info@kalesaviaggi.it,www.kalesaviaggi.it,agenzia di viaggi,,Kalesa Viaggi S.n.c.
27,Alechiari Viaggi & Turismo,Via San Lorenzo 91/c,90146,Palermo,091/6886365,0916887133,,alechiari@tiscali.it,www.alechiari-viaggi.com,agenzia di viaggi,,Mercurio S.r.l.
31,Amnesia Viaggi e Turismo,"Via Nicol?? Turrisi, 33",90138,Palermo,091/9821723,091/8430778,,booking@amnesiaviaggi.it,www.amnesiaviaggi.it,agenzia di viaggi,,Amnesia Viaggi di Damiata Gaetano
32,Lai Viaggi,"Piazza San Francesco di Paola, 23",90138,Palermo,091583728,091589995,,info@laiviaggi.it,www.laiviaggi.it,agenzia di viaggi,,
33,Arcadelphi Viaggi Succ.,"Via P. Paternostro, 10",90144,Palermo,091/6118108,091586607,,giovanna.caridi@arcadelphi.com,,agenzia di viaggi,,Arcadelphi Viaggi S.r.l.
34,Landolina Viaggi e Turismo,"Via Marchese di Villabianca, 82/C",90143,Palermo,091300529,0916259787,,info@landolinaviaggi.it,www.landolinaviaggi.it,agenzia di viaggi,,
36,Laurum Viaggi,"Via Alloro, 113",90133,Palermo,0917817303,0916171109,,laurumviaggi@gmail.com,,agenzia di viaggi,,Laurum Viaggi di Vernengo Vita Grazia
37,Azania Viaggi,"Via Mariano Stabile, 94",90139,Palermo,091/321725,091/325468,,info@azaniaviaggi.eu,www.azaniaviaggi.eu,agenzia di viaggi,,Azania Viaggi S.r.l.
63,Cape Land succ.,"Via Terrasanta, 59",90141,Palermo,091/6251081,091/7309052,,info@capelandviaggi.com,,agenzia di viaggi,,
77,Coralia Viaggi,"Piazza due Palme, 13/14",90133,Palermo,091/7811526,091/7495213,,coralia@essecitour.it,www.essecitour.it,agenzia di viaggi,,Essecitour S.a.s.
78,Piluna Viaggi,"Via Francesco Lo Iacono, 61",90144,Palermo,09173008779,0917303711,,pilunaviaggi@yahoo.it,,agenzia di viaggi,,
79,Pirelli Viaggi,"Via Giovanni Campolo, 16",90145,Palermo,0916821888,0916834355,,mail@le-vacanze.it,www.le-vacanze.it,agenzia di viaggi,,Le Vacanze Realizzabili s.r.l.
81,Premiere 2000 Sede,"Via Ausonia, 95",90146,Palermo,091519175,091516180,,info@premiere2000.it,www.premiere2000.it,agenzia di viaggi,,Viaggi 2000 s.a.s
82,Cril?? Travel,"Via Florestano Pepe, 13",90139,Palermo,091/6622258,091/6092694,,crilutravel@tin.it,www.crilutravel.it,agenzia di viaggi,,Sicilia insolita Crilutravel Coop.
83,Rais Travel,"Via dei Nebrodi, 10",90144,Palermo,091528566,091528572,,rais.travel@raistravel.com,www.raistravel.com,agenzia di viaggi,,
84,CT Travel,"Via Roccazzo, 88",90135,Palermo,091/5071399,091/50771399,,citytravelpalermo@hotmail.it,,agenzia di viaggi,,
85,Rebayas Viaggi,"Via Mariano Accardo, 50",90145,Palermo,0916865313,0915084748,,info@rebayasviaggi.it,www.rebayasviaggi.it,agenzia di viaggi,,Rebayas Viaggi s.n.c.
86,Ruggieri Giovanni & Figli,"Via Emerico Amari, 40",90139,Palermo,091587144,091588464,,ruggieri@agenziaruggieri.it,www.agenziaruggieri.it,agenzia di viaggi,,
87,S. Tagliavia & C.,"Via Cavour, 117",90133,Palermo,091582533,091584240,,mail@tagliavia.it,www.tagliavia.it,agenzia di viaggi,,S. Tagliavia & C. s.r.l.
91,Daliomar Viaggi Sede,"Piazza Tommaso Natale, 53",90147,Palermo,091/6911579,091/534000,,daliomarviaggi@neomedia.it,,agenzia di viaggi,,Daliomar Viaggi di Isca Pietra
92,Simon Travel,"Corso Calatafimi,164",90129,Palermo,091485171,091484469,,booking@agecoturs.com,www.agecoturs.com,agenzia di viaggi,,Simon Travel s.r.l.
96,Diodoro Travel,"Via Principe di Palagonia, 82/f",90145,Palermo,091/6852821,091/6851661,,info@diodorotravel.it,www.diodorotravel.it,agenzia di viaggi,,Diodoro Travel S.p.a.
97,Disegni di Viaggio,"Via Giuseppe Sciuti, 77/a",90144,Palermo,091/7743371,091/8771459,,disegnidiviaggio@live.it,www.disegnidiviaggio.it,agenzia di viaggi,,Elleti S.r.l.
98,Soleventi & Tour,"Via Serradifalco, 206",90145,Palermo,0916813195,0917486732,,info@soleventietour.com,www.soleventitour.com,agenzia di viaggi,,Soluzione Eventi & Turismo s.r.l
99,Sopravvoliamo Viaggi,"Piazza Ottavio Ziino, 32",90145,Palermo,0916851438,0916851435,,sopravv@tin.it,,agenzia di viaggi,,Sopravvoliamo Viaggi di Prosp. Soc. Coop. a r.l.
100,Eiffel Viaggi,"Via Costantino Nigra, 69",90129,Palermo,091/7308443,091/7829552,,info@eiffelviaggi.it,www.eiffelviaggi.it,agenzia di viaggi,,Axia Viaggi di Badalamenti Loredana S.a.s.
102,Strasburgo Viaggi,"Via Olanda, 23/a",90146,Palermo,091516434,0916786692,,strasburgoviaggi@libero.it,www.strasburgoviaggi.it,agenzia di viaggi,,G.M. Travel di Manlio Di Giorgi
103,Eliadi Viaggi,"Via T. Tasso, 76",90144,Palermo,0917828007,091/7828007,,eliadipi@eliadiviaggi.191.it,,agenzia di viaggi,,
104,Sullivan Viaggi,"Via Petrarca, 20",90144,Palermo,0916254086,091344333,,sullivanviaggi@libero.it,,agenzia di viaggi,,Sicilia Bella s.r.l.
105,Erre2viaggi,"Via Giuseppe Alessi, 10",90143,Palermo,091/345563,091/340321,,ronchi@erredueviaggi.it,www.erredueviaggi.it,agenzia di viaggi,,
106,T Travel,Calata Marinai d'Italia Sn,90139,Palermo,0917573358,0916118841,,agepa.gambino@tirrenia.it,,agenzia di viaggi,,Placido Mancuso e Figli Tour s.r.l.
109,Esse Pi?? Viaggi,"Via Catania, 23",90141,Palermo,091/302439,091/7826099,,info@essepiuviaggi.it,www.essepiuviaggi.it,agenzia di viaggi,,Esse Pi?? Viaggi di Sicilia Concetta
111,Estamar Viaggi e Turismo,"P.zza Castelnuovo, 35",90141,Palermo,091/333955,091/321695,,info@coretur.it,,agenzia di viaggi,,
15,In Vacanza,"Viale Strasburgo, 167",90146,Palermo,091512633,0918434762,,invacanzarl@libero.it,www.invacanzasicilia.com,agenzia di viaggi,,In Vacanza S.c.a.r.l.
16,Inpoltronissima,"Via Michele Amari, 6",90139,Palermo,0916115050,0917817390,,vincenzo.carlisi@inpoltronissima.it,www.inpoltronissima.it,agenzia di viaggi,,Inpoltronissima S.r.l.
18,Iopitur Service Itinerarium Succ.,"Via Giacomo Puccini, 54",90144,Palermo,0918873746,0917486756,,fabriziomistretta@iopitourpalermo.it,www.iopitourpalermo.it,agenzia di viaggi,,Centro Itinerarium di Iozzia Giuseppa & C. s.a.s.
28,Kukla Viaggi & Turismo Sede,"Via Enrico Albanese, 31",90139,Palermo,0916124546,0916124546,,info@kuklaviaggi.com,www.kuklaviaggi.it,agenzia di viaggi,,Kukla Viaggi Soc. Coop.
41,Marras Viaggi,"Corso Alberto Amedeo, 168",90138,Palermo,0913222240,0915072473,,info@marrasviaggi.com,www.marrasviaggi.com,agenzia di viaggi,,Marras Viaggi di Marras Francesco
43,Mashia Travel,"Piazza Giulio Cesare, 8",90127,Palermo,0916176941,0916176941,,dilorenzotravel@virgilio.it,,agenzia di viaggi,,
44,Bopa Grandi Biglietterie,P.zza Giulio Cesare c/o Stazione di Palermo,90127,Palermo,091/6161392,0916161392,,bgb.palermo@bopa.it,,agenzia di viaggi,,
52,Borz?? Viaggi Succ.,"Via F. Lo Jacono, 22/c",90144,Palermo,091//6255522,091/6255518,,borziviaggi@borziviaggi.it,www.borziviaggi.it,agenzia di viaggi,,Borz?? Viaggi della Borz?? Alberto
56,Nashe Viaggi,"Corso Finocchiaro Aprile, 188",90138,Palermo,0912531016,0912531016,,palermo1@nasheviaggi.com,,agenzia di viaggi,,Viaggiando s.r.l
57,Nebrofood Viaggi e Turismo,"Via Aurispa, 70/a",90145,Palermo,0917657106,0917657107,,agenziaviaggi@nebrofood.it,www.nebrofood.it,agenzia di viaggi,,Nebrofood s.a.s di Dario La Mantia
59,Calendario Viaggi,"via Nunzio Morello, 21",90144,Palermo,091/6114545,091/6113939,,info@calendarioviaggi.com,www.calendarioviaggi.com,agenzia di viaggi,,Holding Turismo S.p.a.
65,Carthage Travel,Via M. Stabile. 97,90139,Palermo,091/7811522,091/7811522,,infocarthagetravel@yahoo.it,www.carthagetravel.it,agenzia di viaggi,,Carthage Travel S.r.l.
115,Tourist Travel Panormus,"Via Alessio Di Giovanni, 21",90144,Palermo,091302600,0913809840,,info@ponormusviaggi.it,www.panormusviaggi.it,agenzia di viaggi,,Avvenire s.r.l.
118,Frangi Ritt Viaggi,"Viale Leonardo Da Vinci, 233",90145,Palermo,091/400825,091/409036,,info@frangirittviaggi.com,www.frangirittviaggi.com,agenzia di viaggi,,Frangi Ritt Viaggi e Turismo di Aldo Cipr?? & c. S.a.s.
119,TRAVEL360,"Via Marchese Ugo, 72",90141,Palermo,0915089224,0915089220,,info@gruppo360.com,www.travel360palermo.it,agenzia di viaggi,,
121,Travelbag,"Via Michele Amari, 13",90139,Palermo,0918431085,0918431085,,pietro.diquarto@travelbag.it,www.azservizi-pa.it,agenzia di viaggi,,AZ Servizi di Marsia Marika
122,Traveleze,"Via Notarbartolo, 49",90141,Palermo,091345758,0917828239,,info@traveleze.it,,agenzia di viaggi,,Traveleze s.r.l.
123,Gamma Viaggi,"Via Brunetto Latini, 11",90141,Palermo,091/582258,091/6629016,,gammaviaggi@gmail.com,,agenzia di viaggi,,Gamma Viaggi S.r.l.
125,Travellink,"Via Emilia, 35",90146,Palermo,0912523153,0916195385,,travellink.srl@libero.it,,agenzia di viaggi,,
126,Gianniviaggi,"Via Praga, 48",90143,Palermo,091/6372519,091/6372482,,info@stsitalia.it,wwwstsitalia.it,agenzia di viaggi,,Sicilian Tourist Service S.r.l.
127,Trinacria Viaggi,"Via Maggiore Toselli, 28",90143,Palermo,091344376,091348055,,trinacriaviaggi@libero.it,,agenzia di viaggi,,
128,Gigatour,"Via del Quarnaro, 14",90141,Palermo,091/6851471,091/229914,,info@gigatour.it,www.gigatour.it,agenzia di viaggi,,Li.La S.r.l.
129,Giosaltour Viaggi,"Via S. Puglisi, 15/17",90143,Palermo,091/7302628,091/303150,,giosaltour@servizitalia.it,www.servizitalia.it,agenzia di viaggi,,Servizitalia societ?? Coop. a.r.l.
131,Globalsem Viaggi,"Via Giusino, 51",90146,Palermo,091/7848420,02/30132407,,info@globalsemviaggi.it,www.globalsemviaggi.it,agenzia di viaggi,,Globalsem S.r.l.
132,Viaggiando con Marco Polo,"Viale Strasburgo, 385 a/b",90146,Palermo,0917831570,0917831569,,viaconmarcopolo@gmail.com,,agenzia di viaggi,,Marcopolo Viaggi S.a.s.
135,Virgilio Viaggi,"Piazza Virgilio, 16",90146,Palermo,091323751,0916117747,,info@virgilioviaggi.com,www.virgilioviaggi.com,agenzia di viaggi,,Controvento di Iraci Consuelo S.a.s.
137,Volare Together,"Via C. Raiti, 4",90128,Palermo,091590221,0916455594,,infovolare@libero.it,www.volaretogether.it,agenzia di viaggi,,
139,Zaessen Viaggi,"Via Malaspina, 35",90145,Palermo,0916117538,0916197027,,zaessenviaggi@alice.it,www.zaessenviaggi.it,agenzia di viaggi,,Zaessen Viaggi di Villafranca Rosalia
5,Tourplus Sicilia,"Via Libert??, 103",90143,Palermo,091/349357,091/349195,,info@tourplus.com,www.tourplus.com,agenzia di viaggi,,Tour Plus Sicilia S.r.l.
7,Adularia Viaggi,"C.so Calatafimi, 724",90129,Palermo,091/6681856,091/6681395,,info @adulariaviaggi.com,www.adulariaviaggi.com,agenzia di viaggi,,Adularia Viaggi S.n.c.
6,Acitour Palermo,"Via Principe di Patern??, 85",90144,Palermo,091/6257574,091/6250543,,info@acitour.it,www.acitourviaggi.it,,,Acitour Palermo S.r.l.
12,I Viaggi del sud,"Via Napoli, 52",90133,Palermo,091584573,091320662,,viaggiansa@libero.it,www.iviaggidelsud.it,agenzia di viaggi,,ANSA S.r.l.
13,I Voyages succ.,"Via Valderice, 11",90144,Palermo,091518293,091518293,,ivoyagespalermo@hotmail.com,,agenzia di viaggi,,
29,Alternative Sicily,"Via Sammartino, 9",90141,Palermo,091/6127093,091/8041071,,info@alternativesicily.com,www.alternativesicily.com,agenzia di viaggi,,Alternative DMC S.r.l.
39,Biba Tour,"Via Emilia, 45",90144,Palermo,091/6703133,091/515155,,info@bibatour.com,www.bibatour.com,agenzia di viaggi,,
47,Borz?? Viaggi Sede,"Via Serradifalco, 2/c",90145,Palermo,091/225511,091/6820269,,borziviaggi@borziviaggi.it,www.borziviaggi.it,agenzia di viaggi,,Borz?? Viaggi della Borz?? Alberto
62,Novantacento Travel,"Via Sampolo, 125/c",90146,Palermo,0916371444,0916315555,,info@90100travel.it,www.90100travel.it,agenzia di viaggi,,S.T.S. s.r.l.
68,Pachamama Inca,"Via Giovanni Pascoli, 13/15",90144,Palermo,0917829682,091304148,,bica@pachamamainca.it,www.pachamamainca.it,agenzia di viaggi,,Pachamama Inca di Bica Anna Maria Gaetana
76,Conca D'Oro Viaggi,"Piazza indipendenza, 41",90129,Palermo,091/487288,091/487807,,salvo@concadoroviaggi.it,www.concadoroviaggi.it,agenzia di viaggi,,Conca D'Oro Viaggi S.r.l.
89,Si Planet,"Via Carmelo Onorato, 39",90129,Palermo,091422212,0916619093,,info@siplanet.it,www.siplanet.it,agenzia di viaggi,,Si Planet di Maurizia Sicurella
90,Si Viaggiare,"Via dell'Orsa Maggiore, 98",90125,Palermo,0916484410,0916484100,,info@siviaggiaresrl.it,www.siviaggiaresrl.it,agenzia di viaggi,,Si Viaggiare s.r.l.
94,Di Maria Viaggi e Turismo,"Via dei Nebrodi, 65 e/f",90146,Palermo,091/6700090,091/6700048,,info@dimariaviaggi.it,www.dimariaviaggi.it,agenzia di viaggi,,Di Maria Service S.n.c.
95,Sogni Nel Blu,"Via Salvatore Puglisi, 55",90143,Palermo,0916124380,091612438,,sogninelblusicilia@sogninelblu.com,www.sogninelblu.com,agenzia di viaggi,,Martello Global Company s.r.l
101,Eleantour,"Via Uditore, 2/e",90145,Palermo,091/405118,091/405118,,eleantour@libero.it,www.eleantour.it,agenzia di viaggi,,Sabimar S.a.s.
124,Garofalo Viaggi,"Via Generale Francesco La Ferla, 9/11",90123,Palermo,091/6216445,091/6216003,,garofaloviaggi@aliceposta.it,,agenzia di viaggi,,Garofalo Rosalia
133,Vigi Viaggi,"Via San Lorenzo, 95/e",90146,Palermo,0916883889,0916883889,,vigiviaggi@gmail.com,www.vigiviaggi.it,agenzia di viaggi,,Vigi Viaggi S.a.s. di Macaluso & C.
140,Zaid Travels,"Via Vittorio Emanuele, 311",90134,Palermo,0917658617,0917658617,,zaidtravels@libero.it,,agenzia di viaggi,,
11,Aglieri Viaggi,"Via Mendola, 2/f",90127,Palermo,091/6160672,091/6100091,,aglieriviaggi@tiscali.it,,agenzia di viaggi,,Aglieri Turismo Viaggi e Crociere di Aglieri Ignazio
19,Jato Travel World,"Via Ernesto Basile, 80",90128,Palermo,0916573349,0916573338,,e.basile@jatotravel.it,www.jatotravel.it,agenzia di viaggi,,
20,Aish Travel,"Via A. Pacinotti, 21",90145,Palermo,091/6811667,091/6823125,,info@aishtravel.com,,agenzia di viaggi,,Ga.al. Viaggi S.n.c. di Migliazzo Alessio
21,Jetset,"Piazza Luigi Sturzo, 5",90139,Palermo,091324006,091332755,,jetset@viaggijetset.com,www.viaggijetset.com,agenzia di viaggi,,Jetset S.p.A.
22,Journey Travel,"Corso Calatafimi, 705",90129,Palermo,091420792,091485678,,baykamtour@baykamtour.it,www.baykamtour.it,agenzia di viaggi,,Baykam Tour S.n.c.
23,Albergheria Viaggi,"Via G, Sciuti, 140/b",90144,Palermo,091/301622,091/7307981,,info@albergheriaviaggi.com,www.albergheriaviaggi.com,agenzia di viaggi,,Azimut Soc. Coop. a.r.l.
24,Kaimano Viaggi,"Via Giuseppe Giusti, 49",90144,Palermo,0916258885,091340054,,info@bettravel.it,www.bettravel.it,agenzia di viaggi,,BET Travel S.r.l.
38,Lele Viaggi,"Via Giotto, 36",90145,Palermo,0916865050,0916832779,,leleviaggi@tiscali.it,www.leleviaggi.it,agenzia di viaggi,,Lele Viaggi di Gabriele Mancino
42,Marvida Viaggi e Turismo,"Via Nicolo' Turrisi, 31",90138,Palermo,0917794310,0917794312,,info@marvidaviaggi.it,www.marvidaviaggi.it,agenzia di viaggi,,Aleda e C. S.a.s
45,Mauritania Viaggi e Turismo,"Via Generale Arimondi, 2/N",90143,Palermo,0916269861,091307505,,mauritaniaviaggi@libero.it,,agenzia di viaggi,,Mauritania Viaggi di Orlando Debora
48,Melagodo Viaggi succ.,"Via Dante, 66",90141,Palermo,0916123808,0916123808,,palermo@melagodoviaggi.it,,agenzia di viaggi,,Southwards S.a.s.
49,Mesotour,"Via Giovanni Zappal??, 22/24",90145,Palermo,091203445,091203644,,info@mesotourviaggi.com,www.mesotourviaggi.com,agenzia di viaggi,,Il Tuareg S.r.l.
50,Mesotour,"Via Vittorio Emanuele, 117",90133,Palermo,0916121476,0916093649,,sun_travel@libero.it,,agenzia di viaggi,,Mesotour Viaggi Travel Network
51,Mister Holiday Filiale di Palermo,"Via Uditore, 12/P",90145,Palermo,0917297232,091227463,,palermo@misterholiday.it,www.misterholiday.it,agenzia di viaggi,,Mister Holiday S.r.l.
53,Mondolingua Tour,"Via Cristoforo Colombo, 30",90142,Palermo,091362058,0916311512,,mondo.lingua@tiscali.it,www.mondolingua.it,agenzia di viaggi,,
54,Briaria Travel,"Piazza S. Francesco Saverio, 3",90134,Palermo,091/9765138,091/9765138,,insideballaro@libero.it,,agenzia di viaggi,,Briaria Travel di Marcel Berke
60,Norma Vacanze,"Via Carbone, 139",90151,Palermo,0916840754,0916840330,,info@normavacanze.it,www.normavacanze.it,agenzia di viaggi,,Norma Vacanze s.a.s.
61,Calpia Viaggi,"Via Maggiore Pietro Toselli, 103",90143,Palermo,091/340966,091/6197967,,info@calpiaviaggi.com,,agenzia di viaggi,,Pinguino Tour S.a.S.
64,Nuova Idea Viaggi,"Via Isidoro La Lumia, 56",90139,Palermo,091333496,091588852,,info@nuovaideaviaggi.it,www.nuovaideaviaggi.it,agenzia di viaggi,,Nuova Idea Viaggi s.r.l
66,Cica Blu Viaggi,Via Terrasanta 12/14,90141,Palermo,091/7829192,091/6260639,,info@cicablu.com,www.cicablu.com,agenzia di viaggi,,Ci.ca. S.r.l.
67,Oikistes Viaggi & Turismo,"Corso Finocchiaro Aprile, 165",90138,Palermo,0917026444,091591069,,info@oikistes.191.it,www.oikistesviaggi.it,agenzia di viaggi,,Oikistes Viaggi & Turismo by Spot s.r.l.
69,Cisalpina Tours - Vivere e Viaggiare,"Via Siracusa, 3",90141,Palermo,091/6252100,091/3809903,,palermo@vivereeviaggiare.it,www.cisalpina.it,agenzia di viaggi,,Cisalpina Tours S.p.a.
70,Clamax Service,"Via Domenico Scin??, 106/B",90139,Palermo,091/6124088,091/6623406,,mesotour1@clamaxservice.191.it,,agenzia di viaggi,,
71,Palma Nana,"Via Archimede, 56",90139,Palermo,0917434726,0913809837,,info@educazioneambientale.com,www.educazioneambientale.com,agenzia di viaggi,,Soc. Coop. a.r.l.
73,Coffe Travel,"P.zza Sant'Oliva, 43/44",90144,Palermo,091/7851896,091/7851896,,,,agenzia di viaggi,,Capreri S.r.l.
74,Collage Turismo Viaggi e Vacanze,"Via Umberto Giordano, 37/a",90144,Palermo,091/6814222,091/6818309,,info@collageturismo.it,www.collageturismo.it,agenzia di viaggi,,Collage Turismo S.r.l.
75,Pietro Barbaro,Molo Vittorio Veneto - Porto di Palermo,90100,Palermo,091333333,091329990,,info@pietrobarbaro.com,www.pietrobarbaro.com,agenzia di viaggi,,
88,Scialo Viaggi,"Via Luigi Pirandello, 19",90144,Palermo,0917219096,0916264281,,info@scialoviaggi.it,www.scialoviaggi.it,agenzia di viaggi,,
112,Fan Viaggi Forum,Via Pecoraino (c/o Centro Comm. Forum),90124,Palermo,091/6212488,091/474421,,info@viaggi-forum.it,www.viaggi-forum.it,agenzia di viaggi,,Viaggi Forum
113,Tourismondo,"Via Ammiraglio Rizzo, 50",90142,Palermo,0916315628,091362446,,info@tourismondo.it,,agenzia di viaggi,,Terre di Sicania Service Soc. Coop. a r.l.
130,Glintour,"Via Ariosto, 14",90144,Palermo,091/6257300,091/348009,,glintour@libero.it,,agenzia di viaggi,,Nuova Compagnia delle Indie di Arena R. & C. S.a.s.
134,Villa Tasca Viaggi,"Via Palmerino, 24",90129,Palermo,091489518,0916452797,,villatascaviaggi@gmail.com,,agenzia di viaggi,,Villa Tasca Viaggi s.r.l.
5,,"Piazza Vittorio Emanuele Orlando, 41",,,091 6111484,091 6111484,3356316148,studiolegaleditanto@libero.it,,consolato,,
6,,"Viale della Libert??, 159",,,091 305132,091 347093,335 6209284,,,consolato,,
7,,"Via Roma, 386",,,091 588661,091 585155,,mancuso@infcom.it,,consolato,,
14,,"Viale Orfeo, 18",,,091 6113970,091 6114899,,visa@consolatorussopa.it,,consolato,,
17,,"Piazzetta Scannaserpe, 3",,,091 543506,091 6372482,,hc@sikania.it,,consolato,,
18,,"Via Noto, 34",,,091 6259541,091 308996,,congr.pa@issbi.org,,consolato,,
19,,"Via Riccardo Wagner, 9",,,0916093512 - 091589752,0916110983,,palmigiano@consolatolituania.com,,consolato,,
20,,"Via Siracusa, 34",,,0916256218,0916256234,,bcc@studiobcc.it,,consolato,,
23,,"Via Principe di Villafranca, 57",,,091333901,091333901,,consolatomonaco.palermo@virgilio.it,,consolato,,
9,,"Piazza S. Oliva, 28",,,091 6110329,,335 6309807,consoleburkfasopalermo@gmail.com,,consolato,,
10,,"Via Selinunte, 1",,,091 6112144,091 6120568,,capoverde@aacweb.it,,consolato,,
11,,"Via Emerico Amari, 8",,,091 329744,091 6113225,,consolatocilepa@gmail.com,,consolato,,
16,,"Via Principe di Villafranca, 33",,,091 9820808,091 9820808,,palermo@hkdipio.de,,consolato,,
8,,"Via Principe di Granatelli, 86",,,091 6015335,091 6015314,,agostino.randazzo@randazzo.it,,consolato,,
13,,"Via Mariano Stabile, 136",,,091 332742,091 332742,,cotedivoireconspa@alice.it,,consolato,,
15,,"Via Principe di Belmonte, 101",,,091 583405,091 6110299,,fsalernocardillo@notariato.it,,consolato,,
22,,"Via Villa Verona, 35",,,0916886023,0916881643,,c.g.m.-palermo@maec.gov.ma,,consolato,,
24,,"Via Emerico Amari, 8",,,091587377,091307790,,tpandi@tin.it,,consolato,,
26,,"Via Mariano Stabile, 172",,,0916110910,0916111908,,consulatepakistan@tagliavia.com,,consolato,,
27,,"Via Pietro Bonanno, 26",,,091547414,0916316439,,degregoriopaolo@libero.it,,consolato,,
12,,"Piazza Federico Chopin, 13",,,091 226178,178 2787334,,adifres@tin.it,,consolato,,
21,,"Via Principe di Belmonte, 55",,,091333333,0917437388,,maltaconsul.palermo@gov.mt,,consolato,,
28,,"Piazzale Ungheria, 73",,,091320954,091583706,,info@studiocaramanna.it,,consolato,,
31,,"Viale delle Alpi, 30",,,0916850947,0916850947,,msanta@iol.it,,consolato,,
4,,"Via Leonardo da Vinci, 145",,,0916825696,,,consolatoaustria.pa@hotmail.it,,consolato,,
25,,"Via Trapani, 1/d",,,0916306005,0916304028,,s.deluca@esterminal.com,,consolato,,
29,,"Via Vaccarini, 1",,,091305857,0916256026,,cucinellab@state.gov,,consolato,,
30,,"Via Trapani, 1/d",,,0916306005,0916304028,,s.deluca@esterminal.com,,consolato,,
69,Grand Hotel Villa Igiea Hilton Palermo,"Salita Belmonte, 43",90142,Palermo,0916312111 - 800179217,091547654,,vgiglio@amthotels.it - villa-igiea@amthotels.it,http://www.villa-igiea.com,accoglienza,hotel,
73,Hotel Villa Archirafi,"Via Lincoln, 30",90123,Palermo,0916168827,0916168631,,villaarchirafi@libero.it,http://www.villaarchirafi.com,accoglienza,hotel,
74,Hotel Moderno,"Via Roma , 276",90133,Palermo,091588683,091588683,,info@hotelmodernopa.com,http://www.hotelmodernopa.com,accoglienza,hotel,
75,Hotel Ariston,"Via Mariano Stabile, 139",90139,Palermo,091332434,,366 1997502,info@aristonpalermo.it - info@bbaristonpalermo.com,http://www.aristonpalermo.it,accoglienza,hotel,
76,Hotel Italia,"Via Roma, 62",90133,Palermo,0916169320,0917920035,338 9222547,hotelitaly@email.it,http://www.hotelitalia-palermo.it,accoglienza,hotel,
77,Hotel Alessandra,"Via Divisi, 99",90133,Palermo,0916173958 - 0916174325,0916165180,,informazioni@hotel-alessandra.it - direzione@hotel-alessandra.it,http://www.hotel-alessandra.it,accoglienza,hotel,
78,Hotel Orientale,"Via Maqueda, 26",90134,Palermo,0916165727 - 0916163506,0916161193,,prenotazioni@albergoorientale.191.it,http://www.albergoorientale.191.it,accoglienza,hotel,
81,Hotel Libert??,"Via Mariano Stabile, 136",90139,Palermo,091321911,091345676,,,http://www.libertahotel.com,accoglienza,hotel,
84,Hotel Verdi,"Via Maqueda, 417",90134,Palermo,091584928,0916116570,,info@albergoverdi.it,http://www.albergoverdi.it,accoglienza,hotel,
86,Hotel Rainbow,"P.le Ungheria, 84",90144,Palermo,091582867,0916120169,340 1516288,info@hotelrainbow.it,http://www.hotelrainbow.it,accoglienza,hotel,
88,Hotel Madonia,"Via Mariano Stabile, 136",90139,Palermo,091333672 - 0916113532,091335364,,,,accoglienza,hotel,
89,Hotel Florio,"Via Principe di Belmonte, 33",90139,Palermo,0916090852,091320247,,info@hotelflorio.net,http://www.hotelflorio.info,accoglienza,hotel,
91,Hotel Boston,"Via Mariano Stabile, 136",90139,Palermo,091580234,,,,,accoglienza,hotel,
282,Cavour,"Via Alessandro Manzoni, 11",90133,Palermo,0916162759,0916162759,,albergocavour@virgilio.it,http://www.albergocavour.com,accoglienza,hotel,
284,Corona,"Via Roma, 118",90133,Palermo,0916162340,0916162340,,totobenigno@libero.it,,accoglienza,hotel,
286,Sicilia,"Via Divisi, 99",90133,Palermo,0916168460,0916163606,,info@hotelsiciliapalermo.it,http://www.hotelsiciliapalermo.it,accoglienza,hotel,
85,Hotel Gardenia,"Via Mariano Stabile, 136",90139,Palermo,091333732,091333732,,gardeniahotel@gardeniahotel.com,http://www.gardeniahotel.com,accoglienza,hotel,
17,Hotel Serena,"Via Mariano Stabile, 139",90139,Palermo,0916115144,091586474 - 0916124145,,info@amarcordhotel.it,http://www.amarcordhotel.com,accoglienza,hotel,
28,Conchiglia D'Oro,"Viale Cloe, 9",90151,Palermo - Mondello,091450032,091450359,,concoro@sicilia.com,http://www.hotelconchigliadoro.com,accoglienza,hotel,
32,Grand Hotel Federico II,"Via Principe di Granatelli, 60",90139,Palermo,0917495052,0916092500,,info@grandhotelfedericoii.it,http://www.grandhotelfedericoii.it,accoglienza,hotel,
36,Hotel Del Centro,"Via Roma, 72",90133,Palermo,0916170376,0916173654,,info@hoteldelcentro.it,http://www.hoteldelcentro.it,accoglienza,hotel,
37,Elite Hotel,"Via Mariano Stabile, 136",90139,Palermo,091329318,091588614,393 9075441,info@hotelelite.info,http://www.hotelelitepalermo.it,accoglienza,hotel,
43,Joli Hotel,"Via Michele Amari, 11",90139,Palermo,0916111765,0918323211,,info@hoteljoli.com - pietro.silano@hoteljoli.com,http://www.hoteljoli.com,accoglienza,hotel,
52,Idea Hotel,"Viale Regione Siciliana, 2620",90145,Palermo,0916983111,091408198,,palermo@ideahotel.it - frontoffice.palermo@hotelidea.it,http://www.ideahotel.it,accoglienza,hotel,
53,Nh Jolly Hotel Palermo,"Foro Italico, 22",90133,Palermo,0916165090 - 800017703,0916161441,,nhpalermo@nh-hotels.com,http://www.nh-hotels.it,accoglienza,hotel,
59,Politeama Palace Hotel,"Piazza Ruggiero Settimo, 15",90139,Palermo,091322777,0916111589,348 7704125,posta@hotelpoliteama.it - giovanna.bonsignore@hotelpoliteama.it,http://www.hotelpoliteama.it,accoglienza,hotel,
63,San Paolo Palace Hotel,"Via Messina Marine, 91",90123,Palermo,0916211112,0916215300,335 5296364,hotel@sanpaolopalace.it,http://www.sanpaolopalace.it,accoglienza,hotel,
64,Splendid Hotel La Torre,"Via Piano Gallo, 11",90151,Palermo - Mondello,091450222 - 800236118,091450033,,latorre@latorre.com,http://www.latorrehotel.it,accoglienza,hotel,
66,Torreata residence Hotel,"Via del Bersagliere, 21",90143,Palermo,091540049,091540049,,info@torreata.it,http://www.torreata.it,accoglienza,hotel,
68,Villa d'Amato,"Via Messina Marine, 178/180",90121,Palermo,0916212767,0916213057,,info@hotelvilladamato.it,http://www.hotelvilladamato.it,accoglienza,hotel,
72,Villa Bonocore Maletto,"Via Salvatore Minutilla, 3",90147,Palermo,091244100,091244551,,info@villabonocoremaletto.it,http://www.villabonocoremaletto.it,accoglienza,hotel,
80,Hotel Cortese,"Via Scarparelli, 16",90134,Palermo,091331722,091331722,,htcortese@iol.it,http://www.hotelcortese.info,accoglienza,hotel,
87,Hotel Gaia,"Via Onorato,13",90139,Palermo,091583011,091583011,,palermohotelgaia@yahoo.it,http://www.palermohotelgaia.com,accoglienza,hotel,
19,Athenaeum,"Via Giannettino, 4",90128,Palermo,0916523529,0916523456,,info@albergoathenaeum.it,http://www.albergoathenaeum.it,accoglienza,hotel,
20,Artemisia Palace Hotel,"Via Roma, 499",90139,Palermo,0916090612 - 0916095766,0916055766,,info@artemisiapalacehotel.it,http://www.artemisiapalacehotel.it,accoglienza,hotel,
27,Centrale Palace Hotel,"Corso Vittorio Emanuele, 327",90134,Palermo,091336666 - 800820080,091334881,,centrale@angalahotels.it,http://www.angalahotels.it,accoglienza,hotel,
29,Cristal Palace Hotel,"Via Roma, 477",90139,Palermo,0916123829 - 800822269,091335604,,direttore@hotelcristalpalace.it - info@hotelcristalpalace.it,http://www.hotelcristalpalace.net,accoglienza,hotel,
31,Grand Hotel et Des Palmes,"Via Roma, 398",90141,Palermo,0916028111,091331545,,des-palmes@amthotels.it,http://www.grandhoteldespalmes.com,accoglienza,hotel,
34,Grand Hotel Wagner,"Via R. Wagner, 2",90139,Palermo,091336572,091335627,334 8635827,direzione@grandhotelwagner.it - info@grandhotelwagner.it,http://www.grandhotelwagner.it,accoglienza,hotel,
39,Hotel Florio Oper??,"Via Mariano Stabile, 136",90139,Palermo,091662 9004,091612 78 86,,booking@hotelflorioopera.it,http://www.hotelflorioopera.it,accoglienza,hotel,
48,Hotel Posta,"Via A. Gagini, 77",90133,Palermo,091587338,091587347,,info@hotelpostapalermo.it,http://www.hotelpostapalermo.it,accoglienza,hotel,
49,Hotel Tonic,"Via Mariano Stabile, 126",90139,Palermo,091581754 - 0916055308,091585560,329 8465486,info@hoteltonic.it,http://www.hoteltonic.it,accoglienza,hotel,
50,Hotel Vecchio Borgo,"Via Quintinio Sella, 1/7",90139,Palermo,0916118330,091326346,,vecchioborgo@ghshotels.it - bellavista.m@ghshotels.it,http://www.ghshotels.it/vecchioborgo,accoglienza,hotel,
15,Addaura Hotel residence Congressi,"Lungomare Cristoforo Colombo, 4452",90149,Palermo - Addaura,0916842222,0916842255,366 6504190 - 335 8045887,director@addaura.it - hotel@addaura.it,http://www.addaura.it,accoglienza,hotel,
41,Garibaldi Hotel Al Politeama,"Via Emerico Amari, 146",90139,Palermo,0916017111,091323141,,bellavista.m@ghshotels.it,http://www.ghshotels.it,accoglienza,hotel,
44,Hotel Letizia,"Via Bottai, 30",90133,Palermo,091589110,0916122840,,ruslet@hotelletizia.com,http://www.hotelletizia.com,accoglienza,hotel,
54,Massimo Plaza Hotel,"Via Maqueda, 437",90133,Palermo,091325657,091325711,,booking@massimoplazahotel.com,http://www.massimoplazahotel.com,accoglienza,hotel,
57,Mondello Palace Hotel,"Viale Principe di Scalea,",90151,Palermo - Mondello,091450001,091450657,,info@mondellopalacehotel.it,http://www.mondellopalacehotel.it,accoglienza,hotel,
90,Hotel Sausele,"Via Vincenzo Errante, 12",90127,Palermo,0916167524 - 0916161308,0916167525,,,,accoglienza,hotel,
92,Hotel Concordia,"Via Roma, 72",90133,Palermo,0916169062,0916100543,,info@hotelconcordiapalermo.it,http://www.hotelconcordiapalermo.it,accoglienza,hotel,
21,Astoria Palace Hotel,"Via Monte Pellegrino, 62",90142,Palermo,800893344 - 0916281111,0916372178,,booking@ghshotels.it - astoria@ghshotels.it,http://www.ghshotels.it,accoglienza,hotel,
30,Excelsior Hilton Palermo,"Via Marchese Ugo, 3",90139,Palermo,0917909001,091342139,,res.excelsiorpalermo@hilton.com,http://www.excelsior-palermo.com,accoglienza,hotel,
33,Grand Hotel Piazza Borsa,"Via dei Cartari, 18",90133,Palermo,091320075 - 0916116700,0916116700,,piazzaborsa@piazzaborsa.com,http://www.piazzaborsa.it,accoglienza,hotel,
35,Hotel Columbia Classic,"Via del Celso, 31",90134,Palermo,0916113777,0916023052,,info@hotelcolumbiapalermo.com,http://www.hotelcolumbiapalermo.com,accoglienza,hotel,
46,Hotel Plaza Op??ra,"Via N. Gallo, 2",90139,Palermo,0913819026,0913819260,,info@hotelplazaopera.com - ivano.ferazzoli@thehotelsphere.com,http://www.hotelplazaopera.com,accoglienza,hotel,
47,Hotel Porta Felice,"Via Butera, 35/37",90133,Palermo,0916175678,0916171425,,daniela.fusi@hotelportafelice.it - info@hotelportafelice.it,http://www.hotelportafelice.it,accoglienza,hotel,
55,Mediterraneo,"Via Rosolino Pilo, 43",90139,Palermo,091581133,091586974,,info@hotelmediterraneopa.com - albergomediterraneo@libero.it,http://www.hotelmediterraneopa.com,accoglienza,hotel,
58,Hotel Palazzo Sitano,"Corso Vittorio Emanuele, 114",90133,Palermo,0916119880,0916622336,,info@hotelpalazzositano.it - booking@palazzositano.it,http://www.palazzositano.it,accoglienza,hotel,
60,Ibis Style,"Via F. Crispi, 228",90139,Palermo,091580733,0916111588,,president@shr.it - info@presidenthotelpalermo.it,http://www.presidenthotelpalermo.it,accoglienza,hotel,
67,Ucciardhome Hotel,"Via E. Albanese, 34",90139,Palermo,091348426,0917302738,,info@hotelucciardhome.com,http://www.hotelucciardhome.it,accoglienza,hotel,
70,Marbela residence,"Via Salvatore Puglisi, 9",90143,Palermo,0916241111,0917212222,,info@marbelaresidence.com,http://www.marbelaresidence.com,accoglienza,hotel,
71,Residenza d'Aragona,"Via Ottavio d'Aragona, 25",90139,Palermo,0916622222,0916123592 - 0916622273,,info@residenzadaragona.it,http://www.residenzadaragona.it,accoglienza,hotel,
82,Hotel Regina,"Via Vittorio Emanuele, 316",90134,Palermo,0916114216,0916114216,,htregina@gmail.com,http://www.hotelregina.it,accoglienza,hotel,
83,Hotel Vittoria,"Via Maqueda, 8",90134,Palermo,0916162437,0916162432,,albergovittoria@gmail.com,http://www.hotelvittoriapalermo.it,accoglienza,hotel,
16,Best Western Ai Cavalieri,"Via Sant'Oliva, 8",90141,Palermo,091583282 - 800820080,0916126589,,info@aicavalierihotel.it - aicavalieri.pa@bestwestern.it,http://www.aicavalierihotel.com,accoglienza,hotel,
18,Ambasciatori Palermo Hotel,"Via Roma, 111",90133,Palermo,0916166881,0916100105,,booking@ambasciatorihotelpalermo.com,http://www.ambasciatorihotelpalermo.net,accoglienza,hotel,
22,Baglio Conca D'Oro,"Via Aquino, 19 c/d",90126,Palermo,0916406286 - 0916408710,0916408742,389 0270345,info@baglioconcadoro.it,http://www.hotelbaglioconcadoro.com,accoglienza,hotel,
23,Bel 3 Hotel,"Via Ruffo di Calabria, 20",90137,Palermo - Baida,091223560,0916734571,339 4157964,info@bel3.com,http://www.bel3.com,accoglienza,hotel,
24,Bellevue del Golfo,"Via Plauto, 40",90148,Palermo - Sferracavallo,091530083 - 091530618,091530666,,hotelbellevue@msn.com,http://www.hotelbellevuepalermo.com,accoglienza,hotel,
26,Casena dei Colli Hotel residence,"Via Villa Rosato, 20/22",90146,Palermo,0916889771,0916889779,,info@casenadeicolli.it - direzione@casenadeicolli.it,http://www.casenadeicolli.it,accoglienza,hotel,
38,Hotel Europa,"Via Agrigento, 3",90141,Palermo,0916256323,0916259209,,info@hoteleuropapalermo.it,http://www.hoteleuropapalermo.it,accoglienza,hotel,
42,Giardino Inglese Hotel,"Via Libert??, 63",90143,Palermo,0916251295,091300687,,hotelgiardinoinglese@resigest.com,http://www.hoteldelgiardinoinglese.com,accoglienza,hotel,
45,Orleans Hotel,"via Monfenera, 106",90128,Palermo,0916688940 - 0916570611,0916456039,,info@casamarconi.it,http://www.hotelorleans.it,accoglienza,hotel,
51,Hotel Villa Esperia,"Viale Margherita di Savoia, 53",90151,Palermo - Mondello,0916840717,0916841508,,info@hotelvillaesperia.it,http://www.hotelvillaesperia.it,accoglienza,hotel,
56,Mercure Palermo Centro,"Via Mariano Stabile, 112",90139,Palermo,091324911,0916116822,335 6041636 - 335 7592395,direzione@mercurepa.com - booking@mercurepa.com,http://www.mercure.com,accoglienza,hotel,
61,Principe di Villafranca,"Via G. Turrisi Colonna, 4",90141,Palermo,0916118523,091588705,,info@principedivillafranca.it,http://www.principedivillafranca.it,accoglienza,hotel,
62,Quinto Canto,"Via Vittorio Emanuele, 310",90134,Palermo,091584913,0917574117,335 8296734,info@quintocantohotel.com,http://www.quintocantohotel.com,accoglienza,hotel,
183,Cult'n sea,"Via San Sebastiano, 13",90133,Palermo,0915018547,,3203370471,cultnseapalermo@hotmail.com,,accoglienza,"bed and breakfast, B&B",
187,Della Lungarini,"Via T.R.1, 7",90100,Palermo,0917573085,,3475065577,info@lungarini.com,http://www.dellalungarini.com,accoglienza,"bed and breakfast, B&B",
190,Dolce dormire,"P.zza G. Amendola, 43",90141,Palermo,0915080389,,3496606783,dolcedormirepalermo@hotmail.com,http://www.dolcedormirepalermo.com,accoglienza,"bed and breakfast, B&B",
196,Giuspa,"Via Valerio Villareale, 28",90141,Palermo,0918889514,,,giuspa_house@yahoo.com,http://www.b-bgiuspa.com,accoglienza,"bed and breakfast, B&B",
228,Montereale,"C.so Calatafimi, 1096",90131,Palermo,0916688066,,3339211794,mauro64@neomedia.it,,accoglienza,"bed and breakfast, B&B",
245,Palermo Centro,"P.zza Giulio Cesare, 44",90127,Palermo,,,3802007852,info@palermobedandbreakfastcentro.it,http://www.palermobedandbreakfastcentro.it,accoglienza,"bed and breakfast, B&B",
246,Palermo Felix,Via Niccol?? Machiavelli,90127,Palermo,0912530421,,3388529705,info@bbpalermofelix.com,http://www.bbpalermofelix.com,accoglienza,"bed and breakfast, B&B",
266,Villa Antonietta,"Via Principe di Pantelleria, 12",90146,Palermo,0916884403,,,info@villantonietta.it,http://www.villantonietta.it,accoglienza,"bed and breakfast, B&B",
268,Villa Maurigi,"Via Agnetta, 91",90126,Palermo,091331101,,3336378050,a.tioli@tiscali.it,http://www.villamaurigi.it,accoglienza,"bed and breakfast, B&B",
269,Villa Partanna,"Via Asilo infantile Sella, 24",90151,Palermo - Mondello,0916840509 - 091451610,,,,,accoglienza,"bed and breakfast, B&B",
270,White,"Via Rosario Gregorio, 36",90123,Palermo,0915506119,,3389143692,info@bbwhite.it,http://www.bbwhite.it,accoglienza,"bed and breakfast, B&B",
271,Palermo Mare,"Via Torretta, 7",90147,Palermo,0919740078,,3496103555,palermomare@live.it,http://www.palermomare.it,accoglienza,"bed and breakfast, B&B",
197,Gli Aristogatti,"Via Bari, 18",90133,Palermo,0912736785,,3358114120,info@gliaristogatti.com,http://www.gliaristogatti.com,accoglienza,"bed and breakfast, B&B",
229,Museo Salinas,"Via orologio, 9",90133,Palermo,0917657247,,3476791587,bebmuseosalinas@gmail.com,http://www.beb-museosalinas.it,accoglienza,"bed and breakfast, B&B",
232,Nim??a,"Via Maqueda, 7",90133,Palermo,0918437223,,3478877794,info@bbnimia.com,http://www.bbnimia.com,accoglienza,"bed and breakfast, B&B",
233,Nonna Angela,"Via Carini, 25",90138,Palermo,091335042,,3477903942,marigtp@inwind.it,,accoglienza,"bed and breakfast, B&B",
237,O'Sci??,"Via Garibaldi, 8",90133,Palermo,0916177950,,,info@bb-oscia.it,http://www.bb-oscia.it,accoglienza,"bed and breakfast, B&B",
267,Villa Artemide,"Via Apollo, 4",90151,Palermo - Mondello,091451968,,,villartemide@virgilio.it,http://www.villartemide.com,accoglienza,"bed and breakfast, B&B",
205,Il Mezzanino del Gattopardo,"Via Alloro, 145",90133,Palermo,,,3334771703,ilmezz.gattopardo@tiscali.it,,accoglienza,"bed and breakfast, B&B",
212,La Casa dei Colori,"Via Cosmo Guastella, 5",90127,Palermo,0917920084,,3475225130,bblacasadeicolori@libero.it,,accoglienza,"bed and breakfast, B&B",
215,La Casa di Zoe,"Via Roma, 171",90133,Palermo,,,3934907236 - 3925080969,lacasadizoe@hotmail.it,http://www.lacasadizoe.it,accoglienza,"bed and breakfast, B&B",
217,La Galleria,"Via Croce Rossa, 118",90146,Palermo,,,3479479649,lagalleriapalermo@gmail.com,,accoglienza,"bed and breakfast, B&B",
219,Le Terrazze,"Via P. Novelli, 14",90134,Palermo,0916520866,,,leterrazze_palermo@yahoo.it,http://www.leterrazzebb.it,accoglienza,"bed and breakfast, B&B",
223,Maxim,"Via Mariano Stabile, 136",90139,Palermo,0919765471,,,prenotazioni@bbmaxim.it,http://www.bbmaxim.it,accoglienza,"bed and breakfast, B&B",
230,Namast??,"Via Houel, 30",90138,Palermo,,,3294149448 - 3495322629,bbnamaste@libero.it,http://www.namaste.com,accoglienza,"bed and breakfast, B&B",
261,Teatro Massimo,"Via Orologio, 31",90133,Palermo,0916197653,,3388323334,bbteatromassimo@alice.it,http://www.bedbreakfastpalermo.it,accoglienza,"bed and breakfast, B&B",
181,Cleopatra,Foro Umberto I,90133,Palermo,0916169638,,,info@cleopatrabb.it,http://www.cleopatrabb.it,accoglienza,"bed and breakfast, B&B",
182,Coffee and the city,"Via Mariano Stabile, 37",90139,Palermo,,,3349611681,info@coffeandthecity.it,http://www.coffeandthecity.it,accoglienza,"bed and breakfast, B&B",
185,David's Room,"Via Roma, 62",90133,Palermo,0916164931,,3319759434,info@bbdavidsroom.com,http://www.bbdavidsroom.com,accoglienza,"bed and breakfast, B&B",
208,Jerry House,"Via V. Di Marco, 28",90143,Palermo,0915079802,,3281548071,jerryhouse@gmail.com,,accoglienza,"bed and breakfast, B&B",
210,L'Olivella,"Via Bara all'Olivella, 67",90133,Palermo,0916110288,,,info@olivellabb.it,http://www.olivellabb.it,accoglienza,"bed and breakfast, B&B",
220,Libert??,"Via F. Turati, 5",90139,Palermo,0915075843,,3801394669,info@bedandbreakfastliberta.it,http://www.bedandbreakfastliberta.it,accoglienza,"bed and breakfast, B&B",
222,Maride,"Via Antonello da Messina, 15",90142,Palermo,091530655,,3287472656,mario.cernigliaro@alice.it,http://www.maridehouse.com,accoglienza,"bed and breakfast, B&B",
227,Montecarlo,"Via Montecarlo, 7",90146,Palermo,0917510622,,3471881970,info@bebmontecarlo.it,http://www.bebmontecarlo.it,accoglienza,"bed and breakfast, B&B",
231,Nicadomus,"Via Bari, 52",90133,Palermo,0919823666,,3738234351,info@bandbnicadomus.com,http://www.bandbnicadomus.com,accoglienza,"bed and breakfast, B&B",
236,Novecento,"Via Roma, 62",90133,Palermo,0919761194,,,info@bed-breakfast-palermo.com,http://www.bed-breakfast-palermo.com,accoglienza,"bed and breakfast, B&B",
242,Palazzo Lungarini,"Via Lungarini, 60",90133,Palermo,,,3397827984 - 3928558390,luna@neomedia.it,,accoglienza,"bed and breakfast, B&B",
252,Politeama Square,"Via E. Amari, 112",90139,Palermo,,,3285581877,prenotazione@politeamasquare.com,http://www.politeamasquare.com,accoglienza,"bed and breakfast, B&B",
253,Rosella Bianchi,"Via Roma, 72",90133,Palermo,0916171098,,3385353452,rosella_bianchi@libero.it,http://www.rosellabianchibb.com,accoglienza,"bed and breakfast, B&B",
256,Scala Reale,"Via D'Ossuna, 85",90138,Palermo,0917833185,,3293993685,bbscalareale@gmail.com,,accoglienza,"bed and breakfast, B&B",
257,Seralcadio,"Via Bari, 7",90133,Palermo,,,3389574374,info@seralcadio.com,http://www.seralcadio.com,accoglienza,"bed and breakfast, B&B",
259,Simpaty,"Via Piano Gallo, 12/14",90151,Palermo - Mondello,0916893850,,3206109834,simpatycamere@libero.it,http://www.simpatymondello.com,accoglienza,"bed and breakfast, B&B",
265,Villa Addaura,"Lungomare Cristoforo Colombo, 1931",90142,Palermo - Addaura,0916849031,,,info@villa-addaura.com,http://www.villa-addaura.com,accoglienza,"bed and breakfast, B&B",
287,Giugagi??,"Via Bandiera, 77",90133,Palermo,,,3395705673 - 3278235045,info@giugagio.it,http://www.giugagio.it,accoglienza,"bed and breakfast, B&B",
177,Casacatti,"Via Volontari Italiani del Sangue, 10",90128,Palermo,,,3890572372,casacatti@libero.it,,accoglienza,"bed and breakfast, B&B",
178,Casetta Manfredi,"Via Spezio, 41",90139,Palermo,0912514948,,3281283143,info@casettamanfredi.com,http://www.casettamanfredi.com,accoglienza,"bed and breakfast, B&B",
179,Castiglia,"Via Gorizia, 8",90133,Palermo,0916172341,,,bb.castiglia@gmail.com,http://www.bbcastiglia.it,accoglienza,"bed and breakfast, B&B",
180,Cavour Il Conte Camillo,"Via Cavour, 32",90133,Palermo,0916124377,,3475089677,chiara.cannizzaro@hotmail.it,http://www.bbpalermo.it,accoglienza,"bed and breakfast, B&B",
184,D'Angelo,"Via Roma, 83",90133,Palermo,0917847302,,3407697922,info@bedbreakfastdangelo.com,http://www.bedbreakfastdangelo.com,accoglienza,"bed and breakfast, B&B",
186,De Salinas,"Via E. Amari, 140",90139,Palermo,0915507737,,3475977157,info@desalinas.com,http://www.desalinas.com,accoglienza,"bed and breakfast, B&B",
192,Felice,"Via B. Civiletti, 4",90141,Palermo,091320612,,3934318625 - 3881698972,info@bbfelice.it,http://www.bbfelice.it,accoglienza,"bed and breakfast, B&B",
194,Giardini,"Via Maggiore Toselli, 26",90143,Palermo,0919825886,,,mvalente44@yahoo.it,,accoglienza,"bed and breakfast, B&B",
199,I Cavalieri di Malta,"Largo Cavalieri di Malta, 6",90133,Palermo,,,3297954532 - 3394866462,info@icavalieridimalta.it,http://www.icavalieridimalta.it,accoglienza,"bed and breakfast, B&B",
201,Il giardino di Ballar??,"Via Porta di Castro, 75",90134,Palermo,091212215,,3391834950,ilgiardinodiballaro@gmail.com,http://www.ilgiardinodiballaro.it,accoglienza,"bed and breakfast, B&B",
206,Il Principe,"Via Principe di Scordia, 126",90139,Palermo,0917841010,,3401044143,info@bebilprincipe.com,http://www.bebilprincipe.com,accoglienza,"bed and breakfast, B&B",
207,In Villa,"Viale delle Sirene, 30",90149,Palermo,091450811,,,invillabb@yahoo.it,http://www.invillabbmondello.splinder.com,accoglienza,"bed and breakfast, B&B",
214,La Casa dei Limoni,"P. zza Giulio Cesare, 9",90127,Palermo,0916176297,,,info@lacasadeilimoni.it,http://www.lacasadeilimoni.it,accoglienza,"bed and breakfast, B&B",
216,La Fuitina,"Via Garraffello, 6",90133,Palermo,0919766501,,3471541696,info@fuitina.com,http://www.fuitina.com,accoglienza,"bed and breakfast, B&B",
218,Le Tartarughe,"Via XX settembre, 70",90141,Palermo,0916252338,,,mabalsano@libero.it,,accoglienza,"bed and breakfast, B&B",
221,Malusi,"Via del manderino, 3",90147,Palermo,,,3280367919 - 3398846933,info@malusi.it,http://www.malusi.it,accoglienza,"bed and breakfast, B&B",
224,Mediterraneo B&B,"Via Ten. G. Ingrao, 2",90138,Palermo,0917574886,,3484293525 - 3357760377,info@bedmediterraneo.it,http://www.bedmediterraneo.it,accoglienza,"bed and breakfast, B&B",
225,Miramar,"P.zza Acquasanta, 12",90142,Palermo,091549338,,,helgaomodei@libero.it,,accoglienza,"bed and breakfast, B&B",
234,Notarbartolo,"Via Notarbartolo, 35",90141,Palermo,0917308333,,,info@notarbartolo.com,http://www.bed-and-breakfast-palermo.it,accoglienza,"bed and breakfast, B&B",
235,Notti Magiche,"Via B. Gravina, 59",90139,Palermo,091589714,,3382584849,info@bbnottimagiche.com,http://www.bbnottimagiche.com,accoglienza,"bed and breakfast, B&B",
243,Palazzo Reale,"Via Cappuccini, 9",90129,Palermo,091424045,,3202407933,sistina1984@hotmail.com,http://www.palazzoreale.it,accoglienza,"bed and breakfast, B&B",
263,Ulisse,"Via Cefalonia, 26",90129,Palermo,0912531742,,368688061,bbulisse@tiscali.it,,accoglienza,"bed and breakfast, B&B",
202,Il girasole,Via Pazienza 33/a,90151,Palermo - Mondello,0918884225,,3292143113 - 3490509728,bbilgirasole@hotmail.it,,accoglienza,"bed and breakfast, B&B",
241,Palazzo Filangeri,"Via Maqueda, 92",90133,Palermo,0916166766,,,luigimendola@palazzofilangeri.it,http://www.palazzofilangeri.it,accoglienza,"bed and breakfast, B&B",
247,Palik??,"Via E. Amari, 140",90139,Palermo,091586795,,,info@bbpalike.it,http://www.bbpalike.it,accoglienza,"bed and breakfast, B&B",
249,People,"Via Cosmo Guastella, 1",90127,Palermo,0915085830,,3286294078,prenotazioni.people@facebook.com,http://www.facebook.com/people.palermo,accoglienza,"bed and breakfast, B&B",
250,Pomelia,"Via Saffo, 23",90151,Palermo - Mondello,,,3406961742,info@pomelia.com,http://www.pomelia.com,accoglienza,"bed and breakfast, B&B",
251,Porta di Castro,"Via Porta di Castro, 23",90134,Palermo,,,3282369433,bebportadicastro@gmail.com,,accoglienza,"bed and breakfast, B&B",
255,San Gabriele,"Via alloro, 107",90133,Palermo,0912525476,,3397237060,info@bebsangabriele.com,http://www.bebsangabriele.com,accoglienza,"bed and breakfast, B&B",
258,Sikelia,"Via Sant'Antonio, 6",90134,Palermo,,,3282727815,voccamarco@hotmail.it,http://www.sikeliabb.it,accoglienza,"bed and breakfast, B&B",
260,Sole Luna della solidariet??,"Via V. Riolo, 7",90139,Palermo,091581671,,,info@solelunabedandbreakfast.org,http://www.solelunabedandbreakfast.org,accoglienza,"bed and breakfast, B&B",
262,The Garden,"Via Sferracavallo, 236",90147,Palermo - Sferracavallo,091530036,,3381875300 - 3473594039,info@bbalterrazzo.it,http://www.bbalterrazzo.com,accoglienza,"bed and breakfast, B&B",
204,Il Golfo,"Via Dammuso, 88",90147,Palermo,,,3294243453,martafavaloro@libero.it,http://www.il-golfo.com,accoglienza,"bed and breakfast, B&B",
209,Kemonia,"Via Nicol?? Turrisi, 38/b",90138,Palermo,348371586,,3291757509,info@kemonia.com,http://www.kemonia.com,accoglienza,"bed and breakfast, B&B",
211,La Bella Vita,"Via Principe di Belmonte, 90",90139,Palermo,0918434989,,3282208126,bblabellavita@hotmail.com,http://www.bblabellavita.it,accoglienza,"bed and breakfast, B&B",
226,Mondello Villa Alberoni,"Viale Regina Elena, 1/c",90151,Palermo,0916847867,,3663364914,info@bbmondello.com,http://www.bbmondello.com,accoglienza,"bed and breakfast, B&B",
238,Oreto Centro,"Via Oreto, 29",90127,Palermo,0916572772,,3280715971,info@bboretocentro.it,http://www.bboretocentro.it,accoglienza,"bed and breakfast, B&B",
239,Palazzo Amari Bajardi,"Via San Cristoforo, 15",90133,Palermo,0916162017,,,info@palazzoamaribajardi.it,http://www.palazzoamaribajardi.it,accoglienza,"bed and breakfast, B&B",
240,Palazzo Caputo,"Via Roma, 97",90133,Palermo,0916175818,,,,,accoglienza,"bed and breakfast, B&B",
244,Palermo Art,"Via Cavour, 32",90133,Palermo,0916110009,,3386704365,info@bbpalermoart.com,http://www.bbpalermoart.it,accoglienza,"bed and breakfast, B&B",
248,Panormus,"Via Roma, 72",90133,Palermo,0916175826,,3293539160,info@bbpanormus.com,http://www.bbpanormus.com,accoglienza,"bed and breakfast, B&B",
254,San Francesco,"Via Merlo, 30",90133,Palermo,0918888391 - 0918430810,,3285516242,info@sanfrancescopalermo.it,http://www.sanfrancescopalermo.it,accoglienza,"bed and breakfast, B&B",
264,Vado al Massimo,"Via Donizetti, 19",90134,Palermo,0915085851,,3899183238,bbvadoalmassimo@hotmail.com,http://www.vadoalmassimo.com,accoglienza,"bed and breakfast, B&B",
188,Delle Vittorie,"Via Bari, 52",90133,Palermo,,,3348854473 - 3280124589,info@bbdellevittorie.it,http://www.bbdellevittorie.it,accoglienza,"bed and breakfast, B&B",
189,Dietro il Politeama,"Via G. Di Giovanni, 14",90139,Palermo,091327640,,3278757682,info@dietroilpoliteama.it,http://www.dietroilpoliteama.it,accoglienza,"bed and breakfast, B&B",
191,Eureka,"Via A. Narbone, 66",90138,Palermo,0917791867,,3920002456,info@eurekabeb.com,http://www.eurekabeb.com,accoglienza,"bed and breakfast, B&B",
193,Fumbi,"Via Arimondi, 48",90143,Palermo,0917848925,,3472342905,info@fumbi.com,http://www.fumbi.com,accoglienza,"bed and breakfast, B&B",
195,Giorgio's House,"Via A. Mongitore, 11 b",90134,Palermo,091525057,,,sugi@libero.it,,accoglienza,"bed and breakfast, B&B",
198,Houel 30,"Via Houel, 30",90138,Palermo,0915077159,,3389143692,p.scaccianoce@tin.it,http://www.houel30.com,accoglienza,"bed and breakfast, B&B",
200,Il banano,"Via Stesicoro, 3",90151,Palermo - Mondello,091455926,,,info@ilbanano.com,http://www.ilbanano.com,accoglienza,"bed and breakfast, B&B",
203,Il Glicine sul Golfo,"Via Saffo, 4",90151,Palermo - Mondello,091453260,,3391343286,mondello@ilglicine.net,http://www.sicily-accomodation.com,accoglienza,"bed and breakfast, B&B",
130,4 Quarti,"Corso Vittorio Emanuele, 376",90134,Palermo,091583687,,3478547209,info@quattroquarti.it,http://www.quattroquarti.it,accoglienza,"bed and breakfast, B&B",
132,A casa di Gi??,"Via Simone Corleo, 7",90124,Palermo,091586455 - 3358428892,,,info@acasadigiu.com,http://www.acasadigiu.com,accoglienza,"bed and breakfast, B&B",
133,A casa di Mom??,"Via Lincoln, 81",90133,Palermo,,,3281770710,gandolfosausa@virgilio.it,,accoglienza,"bed and breakfast, B&B",
135,Abal?? Gran Sultanato,"Via S. Agostino, 5",90134,Palermo,,,3383352997,sultano.abali@gmail.com,http://www.abali.it,accoglienza,"bed and breakfast, B&B",
136,Abatellis Luxury,"Via Alloro, 3",90133,Palermo,0916169858,,3663667370,abatellisluxury@virgilio.it,http://www.abatellisluxury.it,accoglienza,"bed and breakfast, B&B",
137,Afea,"Via Principe di Belmonte, 25",90139,Palermo,0919768392,,3331031315,info@bbafea.it,http://www.bbafea.it,accoglienza,"bed and breakfast, B&B",
139,Agramante,"Via Terrasanta, 82",90141,Palermo,091347417,,3927225398,amministrazione@bbagramante.it,http://www.bbagramante.it,accoglienza,"bed and breakfast, B&B",
141,Ai Girasoli,"Via Mariano Stabile, 200",90141,Palermo,0917846949,,3285544026,info@aigirasoli.com,http://www.aigirasoli.weebly.com,accoglienza,"bed and breakfast, B&B",
142,Ai Normanni,Via Cappuccini,90129,Palermo,,,3935447956 - 3381504260,info@ainormanni.it,http://www.ainormanni.it,accoglienza,"bed and breakfast, B&B",
143,Al 316,Corso Vittorio Emanuele 316,90134,Palermo,0919763595,,,beb-centrale316@hotmail.it,http://www.316-beb.com,accoglienza,"bed and breakfast, B&B",
144,Al civico 10,"Via Ernesto Tricomi, 10",90127,Palermo,,,3464768212,alcivico10@hotmail.it,http://www.alcivico10.it,accoglienza,"bed and breakfast, B&B",
153,Alla Vucciria,"Via Coltellieri, 46",90133,Palermo,0912511184,,3312701303,info@allavucciria.com,http://www.allavucciria.com,accoglienza,"bed and breakfast, B&B",
157,Antonella,"Via O. Antinori, 33",90138,Palermo,091320125,,3297633533,infobox@antonellaoddo.com,http://www.antonellaoddo.com,accoglienza,"bed and breakfast, B&B",
159,Art Lincoln,"Via Lincoln, 161",90133,Palermo,0916177715,,3285445482,info@bedandbreakfastpalermoart.com,http://www.bedandbreakfast-palermoart.com,accoglienza,"bed and breakfast, B&B",
161,Atlante,"Via Generale Luigi Cadorna, 5",90134,Palermo,091214777,,3336273406,info@bbatlante.com,http://www.bedandbreakfastatlante.com,accoglienza,"bed and breakfast, B&B",
162,Atlantide,"Via Piccola del Teatro Santa Cecilia, 5",90133,Palermo,0916161956,,3290670511 - 3296420099,bbatlantide@gmail.com,http://www.bbatlantide.com,accoglienza,"bed and breakfast, B&B",
163,Attarin,"Via Lattarini Grande, 17",90133,Palermo,0915089696,,3806876160 - 3891799762,bebattarin@gmail.com,http://www.bebattarin.com,accoglienza,"bed and breakfast, B&B",
164,Attic 12,"Via Autonomia Siciliana, 51",90143,Palermo,091342666,,3333100546,francescomorra2@tin.it,http://www.wix.com/attic12/attic-12,accoglienza,"bed and breakfast, B&B",
165,Az-Zahar,"Via del bersagliere, 30",90143,Palermo,,,3290424748,info@az-zahar.it,http://www.az-zahar.it,accoglienza,"bed and breakfast, B&B",
166,B&B Florio,"Via Mazzini, 49",90139,Palermo,,,3393773444 - 3464743837,info@bbflorio.it,http://www.bbflorio.it,accoglienza,"bed and breakfast, B&B",
167,Baglio Judica,"Cortile del Secco Judica, 3",90134,Palermo,,,3357909903,info@bagliojudica.it,http://www.bagliojudica.it,accoglienza,"bed and breakfast, B&B",
168,Balarm,"Via Gagini, 70",90133,Palermo,0915081575,,3490635321,info@balarm-bb.it,http://www.balarm-bb.it,accoglienza,"bed and breakfast, B&B",
169,Benfratelli,"Via Ignazio Gio??, 13",90146,Palermo,0916887232 - 0917542959,,3493010303,info@benfratellibb.it,http://www.benfratellibb.it,accoglienza,"bed and breakfast, B&B",
170,Carmelita,"Via Sampolo, 47",90143,Palermo,0916253681,,3391222310,bnbcarmelita@libero.it,,accoglienza,"bed and breakfast, B&B",
171,Casa Acquarello,"Via Orfeo, 9/11",90149,Palermo,091451763,,3287323324,info@casacquarello.it,,accoglienza,"bed and breakfast, B&B",
172,Casa c'un Pari,"Via E. Restivo, 95",90144,Palermo,0912523375,,3495239315,casacunpari@hotmail.com,http://www.casacunpari.com,accoglienza,"bed and breakfast, B&B",
173,Casa Carlotta,"Via XX Settembre, 14",90141,Palermo,0916118305,,3477001921,carlottanodice@hotmail.it,,accoglienza,"bed and breakfast, B&B",
174,Casa Mediterraneo,"Via V. Di Marco, 45",90143,Palermo,09162548894,,3389158839,info@casamediterraneo.it,http://www.casamediterraneo.it,accoglienza,"bed and breakfast, B&B",
175,Casa degli Artisti,"Via Lincoln, 101",90133,Palermo,0917840398,,3343324090,info@casaartisti.it,http://www.casaartisti.it,accoglienza,"bed and breakfast, B&B",
176,Casa e Putia,"Via Belgio, 2",90146,Palermo,091517890,,3494654233 - 3332261976,casaeputia@gmail.com,,accoglienza,"bed and breakfast, B&B",
12,Ai Vicer??,"Via Pignatelli Aragona, 82",90141,Palermo,0915073915,,3425605626,info@aivicere.com,http://www.bedandbreakfast-palermo.com,accoglienza,"bed and breakfast, B&B",
129,120 Rodionoff,"Via Sciuti, 120",90144,Palermo,0916250535,,3337091711,bb.rodionoff@gmail.com,http://www.bb-rodionoff.com,accoglienza,"bed and breakfast, B&B",
131,A casa di amici,"Via Volturno, 6",90138,Palermo,091584884,,328 3172205,info@acasadiamici.com,http://www.acasadiamici.com,accoglienza,"bed and breakfast, B&B",
134,Abaco,"Via Divisi, 49",90133,Palermo,0917843227,,3385852671,aiovalasit@libero.it,http://www.abacoroom.it,accoglienza,"bed and breakfast, B&B",
138,Agata,"Via Roma, 188",90133,Palermo,0916116581,,3479119815,zephir11475@yahoo.it,http://www.bbagata.it,accoglienza,"bed and breakfast, B&B",
140,Ai Cartari,"Via Alessandro Paternostro, 62",90133,Palermo,0916116372,,3475190315 - 3342098758,rosiloria@tiscali.it,http://www.aicartari.it,accoglienza,"bed and breakfast, B&B",
145,Al Galileo Siciliano,"Via Giovan Battista Odierna, 40",90127,Palermo,0916163031,,3495606837 - 3207954275,info@algalileosiciliano.it,http://www.algalileosiciliano.it,accoglienza,"bed and breakfast, B&B",
146,Al Giardino dell'Alloro,"Vicolo S. Carlo, 8",90133,Palermo,0916176904,,3382243541,info@giardinodellalloro.it,http://www.giardinodellalloro.it,accoglienza,"bed and breakfast, B&B",
147,Al Terrazzo Fiorito,"Cortile Rizzuto, 1",90147,Palermo - Sferracavallo,091530036,,3339298284 - 3473594039,info@bbalterrazzo.it,http://www.bbalterrazzo.it,accoglienza,"bed and breakfast, B&B",
148,Al Tribunale,"Corso Alberto Amedeo, 190",90138,Palermo,0917846660,,3202237563,altribunale@gmail.com,http://www.altribunale.com,accoglienza,"bed and breakfast, B&B",
149,Al Viandante,"Via Dante, 54",90141,Palermo,,,3385954546,info@alviandante.com,http://www.alviandante.com,accoglienza,"bed and breakfast, B&B",
150,Alemar,"Viale Principe di Scalea, 52",90151,Palermo,0916254349 - 091451484,,3357638205,,,accoglienza,"bed and breakfast, B&B",
151,Alla Falconara,"Via dei Francescani, 6",90136,Palermo,0916730867,,3497593553,rinopi1@alice.it,,accoglienza,"bed and breakfast, B&B",
152,Alla Martorana,"Via Roma, 171",90133,Palermo,0917842578,,3402443075,info@allamartorana.it,http://www.allamartorana.it,accoglienza,"bed and breakfast, B&B",
154,Alvorada,"Vicolo Catalano, 31",90134,Palermo,091320644,,3806855896 - 3394189434,alvorada@live.it,,accoglienza,"bed and breakfast, B&B",
155,Amari 58,"Via Emerico Amari, 58",90139,Palermo,,,3287146507,info@bbamari58palermo.it,http://www.bbamari58palermo.it,accoglienza,"bed and breakfast, B&B",
156,Amelie,"Via Principe di Belmonte, 94",90139,Palermo,091335920,,3288654824,info@bb-amelie.it,http://www.bb-amelie.it,accoglienza,"bed and breakfast, B&B",
158,Arbaria,"Via Giuseppe Lo Casto, 4",90142,Palermo - Addaura,09154284,,3939292222,arbaria@gmail.com,http://www.arbariabnb.it,accoglienza,"bed and breakfast, B&B",
160,Arte Palermo,"Vicolo Madonna del Cassaro, 7",90133,Palermo,091325780,,,marjolein_wortmann@hotmail.com,http://www.palermo-bed-and-breakfast.com,accoglienza,"bed and breakfast, B&B",
280,Porta di Castro 2,"Via Porta di Castro, 223",90134,Palermo,0917025564,0918771577,328/2639433,bebportadicastro@gmail.com,http://www.bebportadicastro.it,accoglienza,casa vacanze,
279,Porta Carini,"via Giovanbattista Pagano, 3",90134,Palermo,3476854034,091584980,,portacarinivacanze@libero.it,http://www.casavacanzeportacarini.it,accoglienza,casa vacanze,
277,Palazzo Gallo,via F.sco Guardione 77,90139,Palermo,091328309,091323563,335/8452933,info@palazzogallo.com,http://www.palazzogallo.com,accoglienza,casa vacanze,
276,Ex Locanda Termini,"Via Alessandro Paternostro, 16",90133,Palermo,0916172748,0917817486,3897886893,exlocandatermini@libero.it,http://www.exlocandatermini.it,accoglienza,casa vacanze,
281,Villa Cacace,"Via Armida, 5",90129,Palermo,,,3939569440,fabricacace@tiscali.it,,accoglienza,casa vacanze,
278,Palazzo Prestipino,"Via San Nicol?? all'Alberghieria, 4",90134,Palermo,0916101172,,3296891100 - 3405379546,info@palazzoprestipino.it,http://www.palazzoprestipino.it,accoglienza,casa vacanze,
275,Casa Orioles per vacanze,"Via alla piazza dei Tedeschi, 4",90134,Palermo,0916526890,,335/6310867,contact@casaorioles.it,http://www.casaorioles.it,accoglienza,casa vacanze,
274,Alla Marina di Villa Igiea,"Cortile Trapani, 7-8-9",90142,Palermo,0916851557,0916850224,,postmaster@bagliodicalabruca.it,http://www.bagliodicalabruca.it,accoglienza,casa vacanze,
111,Casa Orioles,"Via alla piazza dei Tedeschi, 4",90134,Palermo,0916526890,,3356310867,contact@casaorioles.it,http://www.casaorioles.it,accoglienza,affittacamere,
128,Touristhouse Mondello,"Via Gallo, 31",90151,Palermo - Mondello,0916841275,,3389762187,mondellobaglio@libero.it,http://www.mondellobaglio.com,accoglienza,affittacamere,
127,Tonnara Bordonaro,"Via Bordonaro, 9",90146,Palermo,0916372267,,3483361567,info@kursaalsrl.it - booking@kursaalsrl.it,http://www.kursaaltonnara.it,accoglienza,affittacamere,
126,Sky Sleeping,"Corso Finocchiaro Aprile, 140",90138,Palermo,0916113581,,,booking@skysleeping.com,http://www.skysleeping.com,accoglienza,affittacamere,
125,Seven Rooms,"Via Montalbo, 241",90142,Palermo,091361696,,,info@sevenrooms.it,http://www.sevenrooms.it/web/index_en.html,accoglienza,affittacamere,
124,Roma Street,"Via Roma, 118",90133,Palermo,0917920209,,3396301103,ctbpalermo@libero.it,,accoglienza,affittacamere,
123,Residenza Wagner,"Via Riccardo Wagner, 8",90139,Palermo,0919824479,,,info@residenzawagner.com,http://www.residenzawagner.com,accoglienza,affittacamere,
122,Palazzo Savona,"Via Schioppettieri, 8",90133,Palermo,0916114731,,3394056220 - 3401530435,info@palazzosavona.com,http://www.palazzosavona.com,accoglienza,affittacamere,
121,Palazzo Pantaleo,"Via Ruggero Settimo, 74 H",90141,Palermo,091325471,0917815608,3357006091,info@palazzopantaleo.it,http://www.palazzopantaleo.it,accoglienza,affittacamere,
120,Oper??,"Via Principe di Belmonte, 102",90139,Palermo,0919825946,,340/5547224,valenti100@libero.it,http://www.bedandbreakfastopera.com,accoglienza,affittacamere,
119,Mondello Rooms,"Via Gallo, 31",90151,Palermo - Mondello,0916841275,,3389762187,mondellobaglio@libero.it,http://www.mondellobaglio.com,accoglienza,affittacamere,
118,Maison Landolina,"Via Rocco Pirri, 12",90123,Palermo,0916169936,,330696732,info@dimorannulina.it,http://www.maisonlandolina.it,accoglienza,affittacamere,
117,La Locanda del Gagini,"Via Gagini, 111",90133,Palermo,091333878,,,info@lalocandadelgagini.it,http://www.lalocandadelgagini.it,accoglienza,affittacamere,
115,Dimora Annulina,"Via Rocco Pirri, 12",90123,Palermo,0916169936 - 330696732,,,info@dimorannulina.it,,accoglienza,affittacamere,
114,Cortile Palermo,"Cortile Corrao, 2",90138,Palermo,091589084,,3403991402,cortilepalermo@virgilio.it,http://www.cortilepalermo.it,accoglienza,affittacamere,
109,Alla Kala,"Corso Vittorio Emanuele, 71",90133,Palermo,0917434763,,,info@allakala.it,http://www.allakala.it,accoglienza,affittacamere,
14,A casa di amici 2,"Via Tunisi, 8",90138,Palermo,091584884,091584884,328 3172205,santo@acasadiamici.com - info@acasadiamici.com,http://www.acasadiamici.com,accoglienza,affittacamere,
13,10 Serpotta,"Via Riolo, 10",90139,Palermo,091324823,091324823,3667534105,info@bb10serpotta.com,http://www.bb10serpotta.com,accoglienza,affittacamere,
116,Kalamarina,"Via Bottai, 9",90133,Palermo,0915609520,,,info@lacambusa.it,,accoglienza,affittacamere,
113,Centro Storico,"Vicolo San Carlo, 8",90133,Palermo,0916176904,,3382243541,info@giardinodellalloro.it,http://www.giardinodellalloro.it,accoglienza,affittacamere,
112,Casa Riccio,"Via Giacomo Cusmano, 28",90141,Palermo,091300768,0915085694,3283199238 - 3339342245,casariccio@aruba.it,http://www.casariccio.com,accoglienza,affittacamere,
108,Al Baglio,"Via Gallo, 19",90151,Palermo - Mondello,0916841275,,3389762187,mondellobaglio@libero.it,http://www.mondellobaglio.com,accoglienza,affittacamere,
110,B. 22 Palazzo Pantelleria,"Via Pantelleria, 22",90133,Palermo,091326214,,3393715863 - 3357908733,info@bb22.it,http://www.bb22.it,accoglienza,affittacamere,
104,Casa Marconi,"Via Monfenera, 140",90128,Palermo,0916570611,,,info@casamarconi.it,http://www.casamarconi.it,accoglienza,ostello,
103,Baia del Corallo,"Via Plauto, 27",90147,Palermo - Sferracavallo,0916797807,,,arg.sicilia@aighostels.com,http://www.ostellopalermo.it,accoglienza,ostello,
289,Figlie di Sant'Anna,"Via D'Ossuna, 110",90138,Palermo,0916516678 - 0916512700,,,,,accoglienza,casa ferie,
288,Centro Francescano di spiritualit?? S. Giovanni Battista,"Via al Convento di Baida, 43",90136,Palermo - Baida,091223595,,3394326296,cfsbaida@ofmsicilia.it,http://www.ofmsicilia.it,accoglienza,casa ferie,
290,Maria Immacolata,"Corso Re Ruggero, 2",90134,Palermo,091590227,,,istitutoi@alice.it,,accoglienza,casa ferie,
95,Orleans,"via Monfenera, 106",90128,Palermo,0916688940,,,info@hotelorleans.it,,accoglienza,residence,
102,Torreata residence Hotel,"Via del Bersagliere, 21",90143,Palermo,091540049,,,info@torreata.it,http://www.torreata.it,accoglienza,residence,
101,Residenza d'Aragona,"Via Ottavio d'Aragona, 23/29",90139,Palermo,0916622222,,,info@residenzadaragona.it,http://www.residenzadaragona.it,accoglienza,residence,
94,Nuvole Residenza ai Quattro Canti,"Via del Celso, 14",90134,Palermo,0917831299,,388/8065358,info@nuvoleresidenza.it,http://www.nuvoleresidenza.it,accoglienza,residence,
93,La Marsa Vacances,"Lungomare Cristoforo Colombo, 4765",90149,Palermo - Addaura,0916841346 - 091455193,,,info@lamarsa.it,http://www.lamarsa.it,accoglienza,residence,
97,residence Ambasciatori,"Via Roma, 111",90133,Palermo,0916166881,,,booking@ambasciatorihotelpalermo.com,http://www.ambasciatorihotelpalermo.com,accoglienza,residence,
96,Palazzo Brunaccini,P.zzetta Lucrezia Brunaccini,90134,Palermo,091586904,,3409159048,booking@palazzobrunaccini.it,,accoglienza,residence,
99,Marbela residence,"Via Salvatore Puglisi, 9",90143,Palermo,0916241111 - 0917212111,,,info@marbelaresidence.com,http://www.marbelaresidence.com,accoglienza,residence,
100,Addaura Hotel residence Congressi,"Lungomare Cristoforo Colombo, 4452",90149,Palermo,0916842222,0916842255,366 6504190,hotel@addaura.it,http://www.addaura.it,accoglienza,residence,
390,Tonnara Florio (Kursal Tonnara Vergine Maria),"Discesa Tonnara, 4",90142,Palermo,091/6375611,,,discoteca@tonnaraflorio.com,http://www.tonnaraflorio.com/discoteca.htm,divertimento,discoteca,
358,Country Disco Club,"Viale Dell' Olimpo, 3",90149,Palermo,091/304977,,,robertobianconi@inwind.it,http://www.countrydiscoclub.com,divertimento,discoteca,
417,Magazzini,"Lungomare Cristoforo Colombo, 132",90142,Palermo,,,,,,divertimento,discoteca,
339,Rise up,"Via Ugo La Malfa, 96",90146,Palermo,,,3388137792 - 3470541647,,,divertimento,discoteca,
523,Baia del Corallo,Via Plauto,90147,Palermo - Sferracavallo,,,330851289,,,divertimento,discoteca,
311,Casa Cuba,"Via Messina Marine, 636",90121,Palermo,091/495153,,,,,divertimento,discoteca,
351,Scalea Club,"Via Faraone, 2",90147,Palermo,091/243946,,3313153269,princessscalea@tin.it,http://www.scaleaclub.com,divertimento,discoteca,
361,Villa Partanna,"Via Castelforte, 126",90146,Palermo,091/6841594,,3296212634,villapartanna@gmail.com,,divertimento,discoteca,
354,Goa,Via P.v. 46,90151,Palermo,330851289,,3284180075 - 3933306697,dan.bar@tin.it,http://www.goazone.it,divertimento,discoteca,
373,Fusorario,"Piazza Bara All'olivella, 2",90133,Palermo,,,,,,"divertimento, ristoro","pub, discopub",
402,Le Cupolette,via Monteleone 12,90133,Palermo,091/6572922,,,,,"divertimento, ristoro","pub, discopub",
327,Di Martino Drinks & Brunch,"Via Giuseppe Mazzini, 54",90139,Palermo,091/6118820,,,,,"divertimento, ristoro","pub, discopub",
337,Caf?? 442,"Piazza Don Bosco, 2",90143,Palermo,091/549431,,,,http://www.cafe442.it,"divertimento, ristoro","pub, discopub",
344,Basquiat Caf??,"Piazza S. Oliva, 20",90141,Palermo,091/6090090,,,basquiatcafe@libero.it,http://www.basquiatcafe.altervista.org,"divertimento, ristoro","pub, discopub",
412,Lizard Pub,"Via Lattarini Grande, 22",90133,Palermo,,,,info@lizardpub.com,http://www.lizardpub.com,"divertimento, ristoro","pub, discopub",
292,Aboriginal Caf??,"Via Salvatore Spinuzza, 3",90133,Palermo,091/6622229,,,info@aboriginalcafe.com,http://www.aboriginalcafe.com,"divertimento, ristoro","pub, discopub",
383,Jackass,"Via Sammartino, 117",90141,Palermo,091/6261221,,,jackass@ristorantiitaliani.it,http://www.ristorantiitaliani.it/jackass,"divertimento, ristoro","pub, discopub",
394,Kovacs,"Via Della Libert??, 6",90141,Palermo,091/6115151,,,,,"divertimento, ristoro","pub, discopub",
415,Lulu Pub,Via San Basilio 37,90133,Palermo,,,3282766812 - 3491936985,pasquale.dipollina@libero.it,,"divertimento, ristoro","pub, discopub",
294,Ai bastioni,"Via Papireto, 74",90134,Palermo,,,,,,"divertimento, ristoro","pub, discopub",
313,CCP Agricantus Pub,"Via XX settembre, 82",90141,Palermo,091/309636,,,francesca@agricantus.org,http://www.agricantus.org,"divertimento, ristoro","pub, discopub",
315,Chatoull'S Bistrot,"Via Giuseppe Mazzini, 1",90139,Palermo,,,,,,"divertimento, ristoro","pub, discopub",
330,Easy Malox,"Piazzetta della Canna, 8-9",90134,Palermo,,,,,,"divertimento, ristoro","pub, discopub",
291,A scalunata,"Discesa Santamarina, 3",90134,Palermo,,,,,,"divertimento, ristoro","pub, discopub",
305,Bisogno di vino,"Via Giacalone, 2",90133,Palermo,,,349 2821326,,,"divertimento, ristoro","pub, discopub",
371,Exit,"Piazza San Francesco Di Paola, 40",90138,Palermo,,,3487814698,info@exitdrinks.com,http://www.exitdrinks.com,"divertimento, ristoro","pub, discopub",
307,Caf?? Moma,"Via Gioacchino Di Marzo, 61",90144,Palermo,091/7829603,,,,,"divertimento, ristoro","pub, discopub",
356,I Candelai,"Via dei Candelai, 65",90134,Palermo,091/327151,091327151,3337002942,candelai@candelai.it,http://www.candelai.it,"divertimento, ristoro","pub, discopub",
367,Officina Di Dio,"Via Bertolino Giuseppe Puglisi, 25",90139,Palermo,,,3346947185,ohmiodio@virgilio.it,,"divertimento, ristoro","pub, discopub",
368,Birreria Warsteiner,Via Sciuti 79/f,90144,Palermo,091/6268129,,,,,"divertimento, ristoro","pub, discopub",
375,Gentleman Loser,"Piazzale Ungheria, 33",90141,Palermo,091/320436,,,,,"divertimento, ristoro","pub, discopub",
376,Hirsch,"Via Damiani Almeyda, 32/a",90141,Palermo,091347825,,,totoadamo@live.it,,"divertimento, ristoro","pub, discopub",
379,Il Moro,"Piazza Monsignore Filippo Pottino, 3",90142,Palermo,091/546213 - 091/364990,,,,,"divertimento, ristoro","pub, discopub",
293,Abu Nawas,"Piazza Olivella, 18",90133,Palermo,091/328861,,,,,"divertimento, ristoro","pub, discopub",
348,Santa Monica,"Via Enrico Parisi, 7",90141,Palermo,091/324735,,,,,"divertimento, ristoro","pub, discopub",
369,I Grilli Gi??,"Largo Cavalieri Di Malta, 11",90133,Palermo,091/6111243,,3288284265,giuseppemaranzano@yahoo.it,,"divertimento, ristoro","pub, discopub",
424,Malaluna Club,"Viale Resurrezione, 80",90146,Palermo,,,335460022,malaluna@malaluna.it,http://www.malaluna.it,"divertimento, ristoro","pub, discopub",
427,Malavoglia,"Piazzetta Pietro Speciale, 5",90134,Palermo,091/334619,,,caffemalavoglia@hotmail.com,,"divertimento, ristoro","pub, discopub",
434,Mescal Tapas,"Via dei Candelai, 75",90134,Palermo,,,,,,"divertimento, ristoro","pub, discopub",
451,Pata Palo da Ignazio,"Piazza Giovanni Borgese, 3",90133,Palermo,,,3928649024,,,"divertimento, ristoro","pub, discopub",
518,Luppolo - L'Ottavo Nano,"Via Manin, 36",90139,Palermo,091/6123877,,,,http://www.lottavonano.it/,"divertimento, ristoro","pub, discopub",
519,Taverna dell'artista,"Via Principe di Belmonte, 45",90139,Palermo,,,,press@kronoseventi.it,,"divertimento, ristoro","pub, discopub",
520,Nashville,"Via Belgio, 4",90146,Palermo,091/519846,,,bru46@msn.com,http://www.nashvillepub.it/,"divertimento, ristoro","pub, discopub",
514,Mikalsa,"Via Torremuzza, 27",90133,Palermo,,,3489732254,info@mikalsa.it,http://www.mikalsa.it/,"divertimento, ristoro","pub, discopub",
500,Villa Niscemi Pub,"Piazza Niscemi, 55",90146,Palermo,091/6880820,,,info@villaniscemipub.it,http://www.villaniscemipub.it/,"divertimento, ristoro","pub, discopub",
506,Zsa Zsa Mon Amour,"Via Filippo Angelitti, 2",90145,Palermo,091/6817516,,,info@zsazsamonamour.com,http://www.zsazsamonamour.com/,"divertimento, ristoro","pub, discopub",
498,Taco Loco,"Via Campolo, 25/35",90145,Palermo,091/6823663,091/6823663,,tacoloco@tacoloco.it,http://www.tacoloco.it,"divertimento, ristoro","pub, discopub",
372,Fashion Club,"Via Empedocle Restivo, 106",90144,Palermo,091/517825,,,fashion106pa@libero.it,,"divertimento, ristoro",cocktail bar,
454,Jumeirah,"Via Ludovico Ariosto, 32",90144,Palermo,091/625 4071,,,info@jumeirahpalermo.it,http://www.jumeirahpalermo.it,"divertimento, ristoro","cocktail bar, american bar, ristorante",
346,Rocket Bar,"Piazza San Francesco di Paola, 42",90138,Palermo,,,,rocket-bar@hotmail.it,,"divertimento, ristoro",cocktail bar,
448,Mood (ex Tina Pica),"Via Giovanni Meli, 13",90133,Palermo,091/6123934,,,info@tinapica.it,,"divertimento, ristoro",cocktail bar,
297,Il Siciliano,"via dell'orologio, 37",90133,Palermo,,,,,http://www.ilsiciliano.eu,"divertimento, ristoro",cocktail bar,
298,Al Viale American Bar,"Via Archimede, 189",90139,Palermo,091/6090133,,,,,"divertimento, ristoro",cocktail bar,
304,Berlin Caf??,"Via Isidoro La Lumia, 21",90139,Palermo,091/334398 - 091/584897,,,,,"divertimento, ristoro",cocktail bar,
332,Drunks,"Via Cagliari, 14",90133,Palermo,,,3204115312,alcronic@hotmail.it,,"divertimento, ristoro",cocktail bar,
316,Cortile Patania,"Via Giuseppe Patania, 34",90133,Palermo,091/7434772,,,,,"divertimento, ristoro",cocktail bar,
408,Litania,"Via del Celso, 69",90134,Palermo,,,,,,"divertimento, ristoro",cocktail bar,
410,Lizard,"Via Pietro Paolo Rubens, 5",90145,Palermo,091/6813948,,3929697942,info@lizardpalermo.net,http://www.lizardpalermo.com/,"divertimento, ristoro",cocktail bar,
430,Cotton Club Caf??,Piazza Castelnuovo 35/A,90134,Palermo,091331246 - 091588063,,,info@cottonclubcafe.it,http://www.cottonclublounge.com/,"divertimento, ristoro",cocktail bar,
450,Oceania,"Via Giotto, 45",90145,Palermo,091/6816966,,,oceaniaristorazione@ristorantiitaliani.it,http://www.oceaniaristorazione.it,"divertimento, ristoro","cocktail bar, pizzeria, ristorante, panineria",
453,Zamm??,Piazza Della Rivoluzione 34/35,90133,Palermo,,,,,,"divertimento, ristoro",cocktail bar,
503,Vinile,"Via selinunte, 7",90141,Palermo,,,,,https://it.foursquare.com/v/vinile/4d93755ef10ea09322fc291e,"divertimento, ristoro",cocktail bar,
522,Bukowski,"Piazza Teatro Santa Cecilia, 22",90133,Palermo,,,,,,"divertimento, ristoro",cocktail bar,
510,Phi Beach,"Lungomare Cristoforo Colombo, 2351",90142,Palermo - Addaura,091/6849217,,3296999079,,,"divertimento, ristoro",cocktail bar,
493,Shamrock Caf??,"Viale Campania, 44",90144,Palermo,091/511319,,,,,"divertimento, ristoro",cocktail bar,
524,Vespa Caf??,"Via dell'orologio, 38",90133,Palermo,,,,,http://www.vespacafepalermo.it/,"divertimento, ristoro",cocktail bar,
400,La Champagneria Del Massimo,"Via Salvatore Spinuzza, 59",90133,Palermo,091/335730,,3478050080,,,"divertimento, ristoro",wine bar,
401,L'Aperitivo,"Via Giuseppe Giusti, 34",90144,Palermo,091/301125,,,,,"divertimento, ristoro",wine bar,
295,Ai chiavettieri,"Via Chiavettieri, 18",90133,Palermo,091/328926,,,,,"divertimento, ristoro",wine bar,
303,Enoteca Arcilesi,"Via Maggiore Toselli, 125 -127",90143,Palermo,091/301679,,,butybuty@libero.it,,"divertimento, ristoro",wine bar,
384,Jazz'N Chocolate,"Via Giacalone, 29",90133,Palermo,,,3298160376,,,"divertimento, ristoro",wine bar,
385,Kursaal Kalhesa,"Foro Umberto I, 21",90133,Palermo,091/6162111 - 091/6167630,,,info@kursaalkalhesa.it,http://www.kursaalkalhesa.it,"divertimento, ristoro",wine bar,
452,Cav??,"Piazza della Rivoluzione, 1",90133,Palermo,,,3292920789 - 3807922591,,,"divertimento, ristoro",wine bar,
314,Centro Cha,"Via Velasquez, 28-34",90141,Palermo,091/580127,,,centrocha@libero.it,,"divertimento, ristoro",wine bar,
324,La Cuba,"Via Francesco Scaduto, 2",90144,Palermo,091/309201,091/6257168,,info@lacuba.com,http://www.lacuba.com,"divertimento, ristoro","wine bar, pub",
335,Noga Wine Bar,"Via Chiavettieri, 17",90133,Palermo,,,,,,"divertimento, ristoro",wine bar,
343,Robinson Vini,"Via Ludovico Ariosto, 11",90144,Palermo,091/6252014,,,,,"divertimento, ristoro",wine bar,
370,Hub,"Via Libert??, 84",90143,Palermo,091/304977,,,relazioniesterne.hub@gmail.com,http://www.hubpalermo.com,"divertimento, ristoro",wine bar,
374,Gatto Nero,"Via Rua Formaggi, 15",90134,Palermo,,,3403452222,gattoneropub@hotmail.it,,"divertimento, ristoro",wine bar,
404,Lord Green,Via Enrico Parisi 30/A,90141,Palermo,091/6110194,,,mortillaro@neomedia.it,,"divertimento, ristoro",wine bar,
439,Mi manda Picone,"Via A. Paternostro, 59",90133,Palermo,091/6160660,,,,,"divertimento, ristoro",wine bar,
525,Rendez Vous,"Via Castrofilippo, 24",90133,Palermo,,,3498111189 - 3201171828,davidgraviano@hotmail.it,http://www.rendezvouspalermo.com/,"divertimento, ristoro",wine bar,
496,Spirito Dvino,"Via Principe Di Belmonte, 44-46",90139,Palermo,,,3939246261,info@spiritodvino.it,http://www.spiritodvino.it/index.htm,"divertimento, ristoro",wine bar,
378,Cocoa Jazz Restaurant,Piazzetta Chiesa dei Cocchieri 5,90133,Palermo,0916172591,,,,,ristoro,ristorante,
392,Freschette BioBistrot,"Piazzetta Monteleone, 5",90133,Palermo,091 9820727,,3932430440,freschette@hotmail.it,http://www.freschette.com/,ristoro,ristorante,
395,Al Covo dei Beati Paoli,"Piazza Marina, 50",90133,Palermo,0916166634,,3279040510,info@alcovodeibeatipaoli.com,http://www.alcovodeibeatipaoli.com/,ristoro,"ristorante, pizzeria",
396,Principe di Camporeale,Piazza Principe di Camporeale 13,90138,Palermo,0912530424,,,,,ristoro,"ristorante, pizzeria",
403,Ferro Di Cavallo,"Via Venezia, 20",90133,Palermo,091331835,,3391862841 - 3496755312,,http://www.ferrodicavallopalermo.it/index.php,ristoro,ristorante,
409,Trattoria Al Cancelletto Verde,"Via Riccardo Wagner, 14",90139,Palermo,091320537,,,,http://www.alcancellettoverde.it/,ristoro,ristorante,
414,Pizzo & Pizzo,"Via XII Gennaio, 1",90141,Palermo,0916014544,,3333112864,pizzoepizzo@libero.it,http://www.pizzoepizzo.com/,ristoro,ristorante,
416,Lo Scudiero,"Via Turati, 7",90139,Palermo,091581628,,,,http://www.ristoranteloscudiero.com/,ristoro,ristorante,
413,Trattoria Al Vecchio Club Rosanero,vicolo Caldomai,90134,Palermo,,,3494096880,,,ristoro,ristorante,
419,Vecchia Trattoria da Toto,"Via Coltellieri, 5",90133,Palermo,,,3333157558,,,ristoro,ristorante,
420,Trattoria Primavera,"Piazza Bologni, 4",90133,Palermo,091329408,,,,,ristoro,ristorante,
421,Donna Ina,"Via Messina Marine, 118",90121,Palermo,,,3460550363,,,ristoro,ristorante,
425,Le Delizie di Cagliostro,"Via Vittorio Emanuele, 150",90133,Palermo,091332818,,,cagliostro04@tiscali.it,http://www.ledeliziedicagliostro.it/,ristoro,ristorante,
426,Gusto Italiano,Via la Masa 11,90139,Palermo,,,,gusto.italiano@libero.it,,ristoro,"ristorante, wine bar",
429,Santandrea,"Piazza Sant'Andrea, 4",90133,Palermo,091334999,,,info@ristorantesantandrea.eu,http://www.ristorantesantandrea.eu/,ristoro,ristorante,
433,Al Covo Dell'Arte,"Via dei Tintori, 22",90133,Palermo,0916118779,,,,,ristoro,ristorante,
435,Trattoria Ai Normanni,Piazza della Vittoria 25,90134,Palermo,,,,,,ristoro,ristorante,
438,Carlo V,Piazza Bologni 22,90137,Palermo,,,,,,ristoro,ristorante,
440,Ristorante Ferro,"Piazza Sant'Onofrio, 42",90134,Palermo,091586049,,,ferroristorante@alice.it,http://www.ristoranteferro.com/,ristoro,ristorante,
441,Osteria Dei Vespri,"Piazza Croce dei Vespri, 6",90133,0916171631,0916171631,,,osteriadeivespri@libero.it,http://www.osteriadeivespri.it/,ristoro,ristorante,
442,Trattoria Torremuzza,Via Torremuzza 21,90133,Palermo,0912525532,,,,,ristoro,ristorante,
449,Trattoria Piccolo Napoli,"Piazzetta Mulino a Vento, 4",90139,Palermo,091320431,,,,,ristoro,ristorante,
489,Casamia,"Viale Margherita di Savoia, 53",90151,Mondello,0916840717 - 0916842263,0916841508,3492364913,info@hotelvillaesperia.it,http://www.hotelvillaesperia.it/ristorante.html,ristoro,ristorante,
491,Peter Pan,"Via Saline, 108",90149,Mondello,091 451447,,,,,ristoro,"ristorante, pizzeria",
499,Alle Terrazze,Viale Regina Elena,90151,Mondello,0916262903,0916727948,,info@alleterrazze.it,http://www.alleterrazze.it/,ristoro,"ristorante, pizzeria",
504,Da Sariddu e Figli,"Piazza Mondello, 48",90151,Mondello,091451922,,,ristorante.sariddu@email.it,http://www.ristorantesariddu.it/,ristoro,ristorante,
511,Il Grottino,"Via Catullo, 15",90147,Sferracavallo,091533038,,,,,ristoro,ristorante,
515,Alla Corte dei Normanni,"Via torretta, 66",90147,Sferracavallo,0916912051,,3385624022,allacortedeinormanni@gmail.com,http://www.ristoranteallacortedeinormanni.com/,ristoro,ristorante,
477,Acanto,"Via Torrearsa, 10",90139,Palermo,0916014567,,,info@ristoranteacanto.it,,ristoro,ristorante,
478,Al 59,"Piazza Verdi, 59",90138,Palermo,091583139,,,,,ristoro,"ristorante, pizzeria",
479,Trattoria Dal Pompiere,"Via Bara All'Olivella, 107",90133,Palermo,091325282,,,,,ristoro,ristorante,
480,Il Tipico e il Particolare,"Via della vetriera, 46",90133,Palermo,0915076972,,,,http://sitopartner.wix.com/tipicoeparticolare,ristoro,ristorante,
482,Bucatino,"Via Principe Di Villafranca, 59",90141,Palermo,0916110253,,3930674681,cicciobucatino@gmail.com,http://www.bucatino.biz/,ristoro,ristorante,
490,La Mattanza,"Piazza Bordonaro, 9",90142,Palermo,0916376298,,,ristorantelamattanza@libero.it,http://www.ristorantelamattanza.it/index.html,ristoro,"ristorante, pizzeria",
492,Villa Antigone,"Via Antigone, 40",90149,Mondello,091454306,,,,,ristoro,ristorante,
497,Charleston,"Via Generale Magliocco, 15",90141,Palermo,091450171,,,info@ristorantecharleston.com,http://www.ristorantecharleston.com/,ristoro,ristorante,
508,Trattoria Temptation,"Via Torretta, 94",90147,Sferracavallo,0916911104,,,temptationsas@libero.it,http://www.trattoriatemptation.com/,ristoro,ristorante,
512,La Barca,"Via Barcarello, 71",90147,Sferracavallo,0916911609,091530738,,info@ristorantelabarca.it,http://www.ristorantelabarca.it/,ristoro,ristorante,
487,Badalamenti Cucina e Bottega,"Viale Galatea, 55",90151,Mondello,091450213,,,badalamentienoteca@alice.it,,ristoro,ristorante,
495,Le Antiche Mura,"Via Mattei, 1",90151,Mondello,091453940,,3331976830,innclub@libero.it,http://www.leantichemuraristorante.com/#,ristoro,ristorante,
502,Trattoria Sapori di mare,"Via Torre di Mondello, 28",90151,Mondello,0916840623,,335404992,saporidimaregiovanni@virgilio.it,http://www.trattoriasaporidimaregiovanni.com/,ristoro,ristorante,
505,Al Brigantino,"Via torretta, 104",90148,Sferracavallo,0916911778,,3337540950,info@albrigantino.com,http://www.albrigantino.com/,ristoro,ristorante,
509,Il Delfino,"Via Torretta, 80",90147,Sferracavallo,091530282,,,,,ristoro,ristorante,
513,La Perla Del Mare,"Piazza Marina DI Sferracavallo, 18",90147,Sferracavallo,0916912176,,,enea.angelo@alice.it,,ristoro,ristorante,
476,Pane Amore & Mortadella,Via Quintino Sella 53,90139,Palermo,,,3479061560,,,ristoro,ristorante,
481,Al Santa Caterina,"Cortile Santa Caterina, 1",90133,Palermo,,,3388082388,,,ristoro,"ristorante, pizzeria",
483,Paninfarinah,Piazza Marina 52/53,90133,Palermo,0916162230,,,,,ristoro,"ristorante, pizzeria",
485,La Cascina,"Viale Margherita di Savoia, 72",90149,Mondello,0916840383,0916840383,3407646068,lacascinadimacaluso@tiscali.it,http://www.lacascinapa.com/,ristoro,"ristorante, pizzeria",
501,Trattoria Da Calogero,"Via Torre Monddello, 22",90151,Mondello,0916841333,,,kalgheros90@hotmail.it,http://www.trattoriadacalogero.com/,ristoro,ristorante,
507,Capricci Di Mare,"Via Scalo di Sferracavallo, 4",90147,Sferracavallo,0916910658,,,,,ristoro,ristorante,
516,Trattoria L'Ancora,"Via Torretta, 78",90147,Sferracavallo,091532934,,,trattorialancora@libero.it,http://www.trattorialancora.com/,ristoro,ristorante,
363,Sicilia E Dintorni,"Via Messina Marine, 381",90123,Palermo,0916213227,,3475960085,settimo.giuliano@virgilio.it,http://www.trattoriasiciliaedintorni.it/il-ristorante,ristoro,ristorante,
380,Regine S.r.l.,"Via Trapani, 4",90141,Palermo,091586566,,,regine@ristoranteregine.it,http://www.ristoranteregine.it/,ristoro,ristorante,
382,Officina del Gusto Bye Bye Blues,"Via Vittorio Emanuele, 316",90134,Palermo,0916116678,0916111568,,info@officinabyebyeblues.com,http://www.officinabyebyeblues.com/,ristoro,ristorante,
397,Cucina Papoff,"Via Isidoro la Lumia, 32",90139,Palermo,091586460,,,cucinapapoff@libero.it,http://www.cucinapapoff.com/,ristoro,ristorante,
398,La Cambusa,"Piazza Marina, 16",90133,Palermo,091584574,,3475901917,info@lacambusa.it,http://www.lacambusa.it/chisiamo.php,ristoro,ristorante,
399,Sal Capone,"Via Catania, 44",90139,Palermo,,,,,,ristoro,ristorante,
405,Antica trattoria del Mons??,"Via Volturno, 41",90138,Palermo,091327774,,,,http://www.anticatrattoriadelmonsu.com/,ristoro,"ristorante, pizzeria",
406,Gli Amanti,Piazzetta Colonna,90139,Palermo,091589976,,,,,ristoro,ristorante,
443,Lo Strascino,"Viale Regione Siciliana Nord - Ovest, 2286",90135,Palermo,091401292,091408965,,lo.strascino@libero.it,http://www.lostrascino.com/,ristoro,ristorante,
455,Casa del Brodo,"Via Vittorio Emanuele, 175",90133,Palermo,091321655,091585382,,,http://www.casadelbrodo.it/,ristoro,ristorante,
457,La Corte Dei Mangioni,"Via Sammartino, 97",90139,Palermo,0916255360,,,,,ristoro,"ristorante, pizzeria",
465,La Posada,"Via Emerico Amari, 55",90139,Palermo,091333225,,,trattorialaposada@gmail.com,,ristoro,ristorante,
466,Cibus,"Via Emerico Amari, 64",90139,Palermo,091323062 - 0916122651,,,info@cibus.pa.it,http://www.cibus.pa.it/,ristoro,ristorante,
467,Il Cambusone,"Piazza Giuseppe Verdi, 27",90134,Palermo,091335597,,3397288890,trattoriailcambusone@gmail.com,http://www.ilcambusone.it/,ristoro,ristorante,
323,Della Giara,"Via Cuba, 8",90129,Monreale,091425000,,,,,ristoro,ristorante,
326,Le Pergamene,"Piazza Marina, 48",90133,Palermo,0916166142,,,lepergamene@lepergamene.it,http://www.lepergamene.it/,ristoro,ristorante,
333,L'Ottava Nota,"Via Butera, 55",90133,Palermo,0916168601,,,info@ristorantelottavanota.it,http://www.ristorantelottavanota.it/,ristoro,ristorante,
345,Gagini Restaurant,"Via dei Cassari, 35",90133,Palermo,091589918,,,,http://www.gaginirestaurant.com/,ristoro,ristorante,
389,Ristorantino Palazzo Sambuca,"Via Alloro, 26",90133,Palermo,0915076794,,,,,ristoro,ristorante,
391,I Cuochini,"Via Ruggero Settimo, 68",90141,Palermo,091581158,,,info@icuochini.it,,ristoro,ristorante,
456,Chapeau,"Via Pignatelli Aragona, 52",90141,Palermo,,,3293020884,chapeaupalermo@live.com,,ristoro,"ristorante, pub",
458,Pipi Room,"Via XX Settembre, 59",90141,Palermo,091332959,,,pipiroom@ristorantiitaliani.it,http://www.ristorantepipiroom.it/,ristoro,"ristorante, pizzeria",
461,Trattoria Al Cancelletto,"Via Ottavio D'Aragona, 34",90139,Palermo,091583069,,,,,ristoro,ristorante,
464,Stravizi,"Via Gaetano Filangeri, 22",90133,Palermo,0916177917,,,,,ristoro,ristorante,
468,Baciamolemani,Corso Vittorio Emanuele 176/178,90133,Palermo,0916119781,,,baciamolemani@libero.it,,ristoro,ristorante,
469,Novecento,"Via Emerico Amari, 88",90139,Palermo,091328838,,,,,ristoro,"ristorante, trattoria",
470,Osteria Divino Rosso,"Salita Sant'Antonio, 9",90133,Palermo,,,3281146809,losteriadivinorosso@ristorantiitaliani.it,,ristoro,ristorante,
471,La Taverna Dell'Artista,"Via Principe di Belmonte, 45",90139,Palermo,,,3277867575,latavernadellartista@gmail.com,,ristoro,ristorante,
325,I leprotti in citt??,"Via Maggiore Toselli, 127",90143,Palermo,091508685,,3386455905,,,ristoro,ristorante,
331,A'Cuncuma,"Via Judica, 21",90134,Palermo,0918872991,,3201646036,restaurantacuncuma@gmail.com,http://www.acuncuma.com/,ristoro,ristorante,
340,Trattoria Supra I Mura,"Piazza Porta Carini, 5",90134,Palermo,091584060,,,,,ristoro,ristorante,
387,Luci e Calici gourmet,"Via Sammartino, 121",90141,Palermo,0917542967,0916880357,3939482099,info@ristoranteluciecalici.com,http://www.ristoranteluciecalici.com/,ristoro,ristorante,
423,Trattoria Altri Tempi,"Via Sammartino, 65",90141,Palermo,091323480,,,,http://www.trattoriaaltritempi.it/,ristoro,ristorante,
428,Tribeca Cafe,"Via Mariano Stabile, 134",90139,Palermo,091332963,,,,,ristoro,"ristorante, american bar, sushi bar",
431,Kus-Kus,Piazza Virgilio 9,90144,Palermo,091586525,,3935787815,,http://www.kus-kus.it/,ristoro,"ristorante, pizzeria",
445,Ristorante Branciforte,"Via Bara all'Olivella, 2",90133,Palermo,091320265,,,info@ristorantebranciforte.it,http://www.palazzobranciforte.it/ristorante-index.php,ristoro,ristorante,
446,Osteria Lo Bianco,"Via Emerico Amari, 104",90139,Palermo,0912514906,,3299036051 - 3932465851,osteria.lobianco@libero.it,http://www.osterialobianco.it/,ristoro,ristorante,
459,Prio RistoAperiPizza,"Via della Vetriera, 1",90133,Palermo,0915080473,,,,,ristoro,ristorante,
460,Volo,"Via Liberta, 12",90141,Palermo,,,3280504641,vincenzo.cugno@libero.it,,ristoro,ristorante,
473,Giro pizza e cucina,"Via XII Gennaio, 8",90141,Palermo,091329331,,,,,ristoro,"ristorante, pizzeria",
309,Margot,"Piazza Sant'Onofrio, 3",90134,Palermo,091582585,,3393012570,,,ristoro,ristorante,
319,De Gustibus,Vicolo Fonderia 3/5,90133,Palermo,091335322,,,,,ristoro,ristorante,
320,Gambrinus,Via Francesco Ferrara 46/A,90141,Palermo,0912515327,,,,,ristoro,ristorante,
321,La Cueva,"Via Balate, 15",90134,Palermo,091591255,,,,,ristoro,ristorante,
322,La Gondola,"Via Principe di Scordia, 144",90139,Palermo,091331748,,3881282666,,,ristoro,ristorante,
328,Ai Cascinari,"Via D'Ossuna, 45",90138,Palermo,0916519804,,,,,ristoro,ristorante,
329,Al Fondaco Del Conte,"Piazza Conte Federico, 24",90134,Palermo,0916522312,091652 2312,3291298078,info@alfondacodelconte.it,http://www.alfondacodelconte.it/it/,ristoro,ristorante,
334,Bellotero,"Via Giorgio Castriota, 3",90139,Palermo,091582158,,,ristorantebellotero@libero.it,http://www.ristorantebelloteropalermo.it/,ristoro,ristorante,
336,Lo Scrigno dei Sapori,"Piazza Principe di Camporeale, 83",90138,Palermo,0912531351,,,,,ristoro,ristorante,
355,Il Ghiottone Raffinato,"Via Salvatore Vigo, 3",90139,Palermo,0912514744,,3357676349 - 3486893955,ilghiottoneraffinato@tiscali.it,http://www.ilghiottoneraffinato.it/banner/banner.php?immagine=cuore,ristoro,ristorante,
357,Gadir,"Via dello Spasimo, 44",90133,Palermo,0916101215,,,,,ristoro,ristorante,
360,I Sapori del Mare,"Via Re Federico, 8",90141,Palermo,0919821458,,,,,ristoro,ristorante,
364,Patanegra,"Piazza Virgilio, 30",90141,Palermo,0917495192,,,,,ristoro,ristorante,
407,Retriglia,"Via XII Gennaio, 11",90141,Palermo,0915081223,,,,,ristoro,ristorante,
312,Ai vecchietti di Minchiapititto,"Piazza Sant'Oliva, 10",90141,Palermo,091585606,,3332244677,info@aivecchietti.it,http://www.aivecchiettidiminchiapititto.com/vecchietti/index.asp,ristoro,ristorante,
350,Sapori Perduti,"Via Principe Di Belmonte, 32",90139,Palermo,091327387,,,,,ristoro,ristorante,
359,I Manciatari,"Via Re Federico, 109",90138,Palermo,091471749,,3478358409,imanciatari@libero.it,http://www.manciatari.it/,ristoro,"ristorante, pizzeria",
362,Ai Murici,"Via Messina Marine,178",90100,Palermo,0916212767,,,,,ristoro,ristorante,
377,Ai Maccheronai,"Discesa Maccheronai, 47",90133,Palermo,0916118162,,,,,ristoro,ristorante,
338,Ristorantino da Span??,Via scalini 6,90133,Palermo,,,3485628789,info@ristorantinospano.it,http://www.ristorantinospano.com/,ristoro,ristorante,
341,Sesto Canto,"Via Sant'Oliva, 26",90141,Bagheria,091324543,,,,,ristoro,ristorante,
349,Cin Cin,"Via Manin, 22",90139,Palermo,0916124095,,,clemente.vincenzo@gmail.com,http://www.ristorantecincin.com/,ristoro,ristorante,
352,Belli Sazi,"Via Messina marine, 447",90100,Palermo,0917646103,,,,,ristoro,ristorante,
353,Schiticchio Food & Beverage,Piazza Marina 5/6,90133,Palermo,0916114868,,,,,ristoro,ristorante,
347,Frida,"Piazza Sant'Onofrio, 37",90134,Palermo,0915505440,,3933338092,info@fridapizzeria.it,http://www.fridapizzeria.it/,ristoro,pizzeria,
365,Giabal,"Via Maddalena Umberto, 14",90131,Palermo,,,,info@pizzeriagiabal.it,http://www.pizzeriagiabal.it/,ristoro,pizzeria,
418,Pizzottando,Piazza San Francesco Saverio 4,90134,Palermo,091218408,,,,,ristoro,pizzeria,
472,Torquemada,"Via Pignatelli Aragona, 64",90141,Palermo,091584995,,,,,ristoro,"ristorante,pizzeria",
474,Pizzeria Porta Sant'Agata,"Piazza Porta Sant'Agata, 10",90134,0916528450,,,,,,ristoro,pizzeria,
475,Pizzeria Bellini,"Piazza Bellini, 6",90133,Palermo,0916165691,,,,,ristoro,pizzeria,
317,Ai vecchietti H...nto,"Via Paolo Paternostro, 28",90141,Palermo,091585606,,3332244677,info@aivecchietti.it,http://www.aivecchiettidiminchiapititto.com/vecchietti_pizz/chi_siamo.asp,ristoro,pizzeria,
366,Blanco Pizza & Gourmet,"Via Nicol?? Gallo,1c",90139,Palermo,,,,,,ristoro,pizzeria,
318,Sciusci??,"Via Dante, 212",90141,Palermo,091682 2700,,,,,ristoro,pizzeria,
342,Mounir,"Via Giovanni da Procida, 19",90133,Palermo,0917730005,,,,,ristoro,pizzeria,
432,La Duchessa,Principe di Belmonte 69 / 71,90139,Palermo,0915086896,,,laduchessapizzeria@libero.it,http://www.pizzerialaduchessa.it/,ristoro,pizzeria,
436,Mudu,Via Enrico Albanese 24/26,90139,Palermo,0916257228,,,mudupalermo@hotmail.it,,ristoro,pizzeria,
437,Pizzeria Italia,Via Orologio 54,90133,Palermo,091589885,,,italiaristorantepizzeria@hotmail.it,http://www.pizzeriaitaliapalermo.it/,ristoro,pizzeria,
494,Mistral,"Via Bordonaro, 30",90142,Palermo,0916372285,,,,,ristoro,pizzeria,
486,Villa Costanza,"Via Pietro Bonanno, 42",90142,Palermo,091547027,,,,,ristoro,"pizzeria, american bar",
484,Antica Birreria Moretti,"Largo Caronia, 1",90149,Palermo - Addaura,091 6843882,,,bellomaurizio@alice.it.,http://www.anticabirreriamoretti.com/,ristoro,"pizzeria, pub",
296,Al Pinguino,"Via Ruggero Settimo, 86",90141,Palermo,091/329220,,,,http://www.spinnato.it,"divertimento, ristoro",bar,
299,Antico Caff?? Spinnato,"Via Principe di Belmonte, 107/115",90139,Palermo,091/7495104,091/334725,,,http://www.spinnato.it,"divertimento, ristoro",bar,
301,Coffee & Chocolate,"Via Libert??, 100 A/B",90143,Palermo,091/302821,,,,http://www.spinnato.it,"divertimento, ristoro",bar,
300,Coffee & Chocolate,"Via Principe di Belmonte, 108",90139,Palermo,091/329220,,,,http://www.spinnato.it,"divertimento, ristoro",bar,
302,Coffee & Chocolate,"Via Notarbartolo, 7/b",90141,Palermo,091/7303123,,,,http://www.spinnato.it,"divertimento, ristoro",bar,
411,Bar Touring,"Via Lincoln, 15",90133,Palermo,0916167242,,,,,"divertimento, ristoro",bar,
444,Testagrossa,"Corso Calatafimi, 795",90129,Palermo,091425315,,,,,ristoro,"street food, focacceria",
462,Antica Focacceria San Francesco,"Via Alessandro Paternostro, 58",90133,Palermo,091320264,,,,http://www.afsf.it/,ristoro,street food,
463,Di Martino Drinks & Brunch,"Via Mazzini, 54",90139,Palermo,0916118820,,,,,ristoro,street food,
386,Nni Franco U' Vastiddaru,"Corso Vittorio Emanuele, 102",90133,Palermo,,,,,,ristoro,"street food, focacceria",
388,Focacceria Basile,"Via Bara all'Olivella, 76",90133,Palermo,091335628,,,,,ristoro,"street food, focacceria",
393,Pani Ca' Meusa Porta Carbone,"Via Cala, 62",90133,Palermo,091323433,,,,,ristoro,street food,
447,Antichi Sapori Palermitani,"Via Messina Marine, 683",90121,Palermo,,,3398470318,,http://antichisaporipalermitani.weebly.com/,ristoro,"street food, focacceria",
